-- Batch Insert into event table
INSERT INTO public."event" (id, created_at, created_by, event_name) VALUES
('event-1', '2024-01-02 00:00:00+00', 'user-1', 'subscriber.created'),
('event-2', '2024-01-03 00:00:00+00', 'user-2', 'subscriber.added_to_segment'),
('event-3', '2024-01-04 00:00:00+00', 'user-3', 'subscriber.unsubscribed');

-- Batch Insert into segment table
INSERT INTO public.segment (id, created_at, created_by, "name") VALUES
('seg-1', '2024-01-31 00:00:00+00', 'user-1', 'New Users'),
('seg-2', '2024-03-01 00:00:00+00', 'user-2', 'VIP Customers'),
('seg-3', '2024-03-31 00:00:00+00', 'user-3', 'Inactive Users'),
('seg-4', '2024-04-30 00:00:00+00', 'user-1', 'Trial Users'),
('seg-5', '2024-05-30 00:00:00+00', 'user-2', 'Engaged Leads'),
('seg-6', '2024-06-29 00:00:00+00', 'user-3', 'Loyal Subscribers'),
('seg-7', '2024-07-29 00:00:00+00', 'user-1', 'Promo Targets'),
('seg-8', '2024-08-28 00:00:00+00', 'user-2', 'Newsletter Subs'),
('seg-9', '2024-09-27 00:00:00+00', 'user-3', 'Free Tier'),
('seg-10', '2024-10-27 00:00:00+00', 'user-1', 'Beta Testers');

-- Batch Insert into subscriber table
INSERT INTO public.subscriber (id, created_at, created_by, custom_fields, email, first_name, last_name, optin_ip, optin_timestamp, "source", status) VALUES
('sub-1', '2024-06-27 00:00:00+00', 'user-1', '{"age": 25}', 'tom.clark1@example.com', 'Tom', 'Clark', '192.168.1.1', '2024-06-27 00:05:00+00', 'website', 'inactive'),
('sub-2', '2024-05-15 00:00:00+00', 'user-2', '{"age": 33}', 'alex.clark2@example.com', 'Alex', 'Clark', '192.168.1.2', '2024-05-15 00:05:00+00', 'website', 'active'),
('sub-3', '2024-02-15 00:00:00+00', 'user-3', '{"age": 40}', 'emma.clark3@example.com', 'Emma', 'Clark', '192.168.1.3', '2024-02-15 00:05:00+00', 'website', 'inactive'),
('sub-4', '2024-01-23 00:00:00+00', 'user-1', '{"age": 25}', 'lisa.jones4@example.com', 'Lisa', 'Jones', '192.168.1.4', '2024-01-23 00:05:00+00', 'website', 'active'),
('sub-5', '2024-06-20 00:00:00+00', 'user-2', '{"age": 23}', 'mike.wilson5@example.com', 'Mike', 'Wilson', '192.168.1.5', '2024-06-20 00:05:00+00', 'website', 'active'),
('sub-6', '2025-01-16 00:00:00+00', 'user-3', '{"age": 22}', 'lisa.davis6@example.com', 'Lisa', 'Davis', '192.168.1.6', '2025-01-16 00:05:00+00', 'website', 'active'),
('sub-7', '2024-11-10 00:00:00+00', 'user-1', '{"age": 30}', 'tom.clark7@example.com', 'Tom', 'Clark', '192.168.1.7', '2024-11-10 00:05:00+00', 'website', 'active'),
('sub-8', '2024-08-01 00:00:00+00', 'user-2', '{"age": 28}', 'lisa.moore8@example.com', 'Lisa', 'Moore', '192.168.1.8', '2024-08-01 00:05:00+00', 'website', 'active'),
('sub-9', '2025-01-30 00:00:00+00', 'user-3', '{"age": 34}', 'tom.wilson9@example.com', 'Tom', 'Wilson', '192.168.1.9', '2025-01-30 00:05:00+00', 'website', 'active'),
('sub-10', '2024-03-21 00:00:00+00', 'user-1', '{"age": 36}', 'mike.clark10@example.com', 'Mike', 'Clark', '192.168.1.10', '2024-03-21 00:05:00+00', 'website', 'active'),
('sub-11', '2024-10-13 00:00:00+00', 'user-2', '{"age": 32}', 'tom.clark11@example.com', 'Tom', 'Clark', '192.168.1.11', '2024-10-13 00:05:00+00', 'website', 'active'),
('sub-12', '2025-02-21 00:00:00+00', 'user-3', '{"age": 20}', 'tom.clark12@example.com', 'Tom', 'Clark', '192.168.1.12', '2025-02-21 00:05:00+00', 'website', 'active'),
('sub-13', '2025-03-12 00:00:00+00', 'user-1', '{"age": 27}', 'alex.wilson13@example.com', 'Alex', 'Wilson', '192.168.1.13', '2025-03-12 00:05:00+00', 'website', 'active'),
('sub-14', '2024-07-06 00:00:00+00', 'user-2', '{"age": 38}', 'chris.wilson14@example.com', 'Chris', 'Wilson', '192.168.1.14', '2024-07-06 00:05:00+00', 'website', 'inactive'),
('sub-15', '2024-08-11 00:00:00+00', 'user-3', '{"age": 27}', 'emma.lee15@example.com', 'Emma', 'Lee', '192.168.1.15', '2024-08-11 00:05:00+00', 'website', 'inactive'),
('sub-16', '2025-03-12 00:00:00+00', 'user-1', '{"age": 20}', 'tom.taylor16@example.com', 'Tom', 'Taylor', '192.168.1.16', '2025-03-12 00:05:00+00', 'website', 'inactive'),
('sub-17', '2024-03-22 00:00:00+00', 'user-2', '{"age": 22}', 'sara.clark17@example.com', 'Sara', 'Clark', '192.168.1.17', '2024-03-22 00:05:00+00', 'website', 'inactive'),
('sub-18', '2024-02-13 00:00:00+00', 'user-3', '{"age": 25}', 'alex.lee18@example.com', 'Alex', 'Lee', '192.168.1.18', '2024-02-13 00:05:00+00', 'website', 'inactive'),
('sub-19', '2024-10-14 00:00:00+00', 'user-1', '{"age": 33}', 'emma.doe19@example.com', 'Emma', 'Doe', '192.168.1.19', '2024-10-14 00:05:00+00', 'website', 'inactive'),
('sub-20', '2024-08-18 00:00:00+00', 'user-2', '{"age": 30}', 'jane.wilson20@example.com', 'Jane', 'Wilson', '192.168.1.20', '2024-08-18 00:05:00+00', 'website', 'active'),
('sub-21', '2024-06-02 00:00:00+00', 'user-3', '{"age": 23}', 'lisa.clark21@example.com', 'Lisa', 'Clark', '192.168.1.21', '2024-06-02 00:05:00+00', 'website', 'inactive'),
('sub-22', '2024-08-17 00:00:00+00', 'user-1', '{"age": 21}', 'jane.davis22@example.com', 'Jane', 'Davis', '192.168.1.22', '2024-08-17 00:05:00+00', 'website', 'active'),
('sub-23', '2024-05-28 00:00:00+00', 'user-2', '{"age": 30}', 'emma.brown23@example.com', 'Emma', 'Brown', '192.168.1.23', '2024-05-28 00:05:00+00', 'website', 'active'),
('sub-24', '2024-01-01 00:00:00+00', 'user-3', '{"age": 25}', 'lisa.taylor24@example.com', 'Lisa', 'Taylor', '192.168.1.24', '2024-01-01 00:05:00+00', 'website', 'active'),
('sub-25', '2024-10-30 00:00:00+00', 'user-1', '{"age": 33}', 'mike.taylor25@example.com', 'Mike', 'Taylor', '192.168.1.25', '2024-10-30 00:05:00+00', 'website', 'inactive'),
('sub-26', '2024-04-29 00:00:00+00', 'user-2', '{"age": 38}', 'sara.moore26@example.com', 'Sara', 'Moore', '192.168.1.26', '2024-04-29 00:05:00+00', 'website', 'inactive'),
('sub-27', '2024-06-14 00:00:00+00', 'user-3', '{"age": 27}', 'tom.moore27@example.com', 'Tom', 'Moore', '192.168.1.27', '2024-06-14 00:05:00+00', 'website', 'active'),
('sub-28', '2024-03-01 00:00:00+00', 'user-1', '{"age": 36}', 'john.doe28@example.com', 'John', 'Doe', '192.168.1.28', '2024-03-01 00:05:00+00', 'website', 'active'),
('sub-29', '2024-04-20 00:00:00+00', 'user-2', '{"age": 29}', 'john.moore29@example.com', 'John', 'Moore', '192.168.1.29', '2024-04-20 00:05:00+00', 'website', 'inactive'),
('sub-30', '2024-02-13 00:00:00+00', 'user-3', '{"age": 30}', 'mike.lee30@example.com', 'Mike', 'Lee', '192.168.1.30', '2024-02-13 00:05:00+00', 'website', 'active'),
('sub-31', '2024-04-05 00:00:00+00', 'user-1', '{"age": 29}', 'tom.lee31@example.com', 'Tom', 'Lee', '192.168.1.31', '2024-04-05 00:05:00+00', 'website', 'active'),
('sub-32', '2024-01-25 00:00:00+00', 'user-2', '{"age": 38}', 'emma.clark32@example.com', 'Emma', 'Clark', '192.168.1.32', '2024-01-25 00:05:00+00', 'website', 'active'),
('sub-33', '2024-10-06 00:00:00+00', 'user-3', '{"age": 21}', 'anna.jones33@example.com', 'Anna', 'Jones', '192.168.1.33', '2024-10-06 00:05:00+00', 'website', 'inactive'),
('sub-34', '2024-08-17 00:00:00+00', 'user-1', '{"age": 38}', 'jane.smith34@example.com', 'Jane', 'Smith', '192.168.1.34', '2024-08-17 00:05:00+00', 'website', 'inactive'),
('sub-35', '2024-01-30 00:00:00+00', 'user-2', '{"age": 33}', 'chris.wilson35@example.com', 'Chris', 'Wilson', '192.168.1.35', '2024-01-30 00:05:00+00', 'website', 'active'),
('sub-36', '2024-06-05 00:00:00+00', 'user-3', '{"age": 25}', 'john.brown36@example.com', 'John', 'Brown', '192.168.1.36', '2024-06-05 00:05:00+00', 'website', 'inactive'),
('sub-37', '2024-04-21 00:00:00+00', 'user-1', '{"age": 30}', 'chris.lee37@example.com', 'Chris', 'Lee', '192.168.1.37', '2024-04-21 00:05:00+00', 'website', 'inactive'),
('sub-38', '2024-03-27 00:00:00+00', 'user-2', '{"age": 32}', 'lisa.wilson38@example.com', 'Lisa', 'Wilson', '192.168.1.38', '2024-03-27 00:05:00+00', 'website', 'active'),
('sub-39', '2024-05-07 00:00:00+00', 'user-3', '{"age": 36}', 'emma.clark39@example.com', 'Emma', 'Clark', '192.168.1.39', '2024-05-07 00:05:00+00', 'website', 'inactive'),
('sub-40', '2024-01-30 00:00:00+00', 'user-1', '{"age": 29}', 'john.clark40@example.com', 'John', 'Clark', '192.168.1.40', '2024-01-30 00:05:00+00', 'website', 'active'),
('sub-41', '2024-12-28 00:00:00+00', 'user-2', '{"age": 30}', 'john.lee41@example.com', 'John', 'Lee', '192.168.1.41', '2024-12-28 00:05:00+00', 'website', 'active'),
('sub-42', '2024-12-29 00:00:00+00', 'user-3', '{"age": 26}', 'jane.jones42@example.com', 'Jane', 'Jones', '192.168.1.42', '2024-12-29 00:05:00+00', 'website', 'active'),
('sub-43', '2024-01-05 00:00:00+00', 'user-1', '{"age": 23}', 'chris.moore43@example.com', 'Chris', 'Moore', '192.168.1.43', '2024-01-05 00:05:00+00', 'website', 'inactive'),
('sub-44', '2024-01-10 00:00:00+00', 'user-2', '{"age": 24}', 'mike.davis44@example.com', 'Mike', 'Davis', '192.168.1.44', '2024-01-10 00:05:00+00', 'website', 'inactive'),
('sub-45', '2024-06-23 00:00:00+00', 'user-3', '{"age": 29}', 'chris.jones45@example.com', 'Chris', 'Jones', '192.168.1.45', '2024-06-23 00:05:00+00', 'website', 'active'),
('sub-46', '2024-02-29 00:00:00+00', 'user-1', '{"age": 28}', 'jane.moore46@example.com', 'Jane', 'Moore', '192.168.1.46', '2024-02-29 00:05:00+00', 'website', 'inactive'),
('sub-47', '2024-11-10 00:00:00+00', 'user-2', '{"age": 27}', 'john.lee47@example.com', 'John', 'Lee', '192.168.1.47', '2024-11-10 00:05:00+00', 'website', 'inactive'),
('sub-48', '2024-09-27 00:00:00+00', 'user-3', '{"age": 40}', 'sara.davis48@example.com', 'Sara', 'Davis', '192.168.1.48', '2024-09-27 00:05:00+00', 'website', 'active'),
('sub-49', '2025-01-08 00:00:00+00', 'user-1', '{"age": 39}', 'mike.jones49@example.com', 'Mike', 'Jones', '192.168.1.49', '2025-01-08 00:05:00+00', 'website', 'active'),
('sub-50', '2024-06-26 00:00:00+00', 'user-2', '{"age": 23}', 'emma.jones50@example.com', 'Emma', 'Jones', '192.168.1.50', '2024-06-26 00:05:00+00', 'website', 'inactive');

-- Batch Insert into webhook table
INSERT INTO public.webhook (id, created_at, created_by, "name", post_url) VALUES
('wh-1', '2024-01-01 01:00:00+00', 'user-1', 'User1 Success Hook', 'http://host.docker.internal:8085/webhooks/success'),
('wh-2', '2024-01-01 02:00:00+00', 'user-1', 'User1 Failed Hook', 'http://host.docker.internal:8085/webhooks/failed'),
('wh-3', '2024-01-01 03:00:00+00', 'user-2', 'User2 Success Hook', 'http://host.docker.internal:8085/webhooks/success'),
('wh-4', '2024-01-01 04:00:00+00', 'user-2', 'User2 Failed Hook', 'http://host.docker.internal:8085/webhooks/failed'),
('wh-5', '2024-01-01 05:00:00+00', 'user-3', 'User3 Success Hook', 'http://host.docker.internal:8085/webhooks/success'),
('wh-6', '2024-01-01 06:00:00+00', 'user-3', 'User3 Failed Hook', 'http://host.docker.internal:8085/webhooks/failed');

-- Batch Insert into subscriber_created_event table
INSERT INTO public.subscriber_created_event (id, event_name, event_time, subscriber_id, webhook_id) VALUES
('sce-1', 'subscriber.created', '2024-01-28 08:00:00+00', 'sub-18', 'wh-2'),
('sce-2', 'subscriber.created', '2024-02-04 01:00:00+00', 'sub-28', 'wh-3'),
('sce-3', 'subscriber.created', '2024-10-26 14:00:00+00', 'sub-47', 'wh-5'),
('sce-4', 'subscriber.created', '2024-10-10 03:00:00+00', 'sub-25', 'wh-4'),
('sce-5', 'subscriber.created', '2024-03-23 11:00:00+00', 'sub-40', 'wh-6'),
('sce-6', 'subscriber.created', '2024-06-05 23:00:00+00', 'sub-40', 'wh-2'),
('sce-7', 'subscriber.created', '2024-11-25 01:00:00+00', 'sub-39', 'wh-2'),
('sce-8', 'subscriber.created', '2025-01-31 12:00:00+00', 'sub-15', 'wh-3'),
('sce-9', 'subscriber.created', '2025-01-18 10:00:00+00', 'sub-50', 'wh-2'),
('sce-10', 'subscriber.created', '2024-06-11 21:00:00+00', 'sub-28', 'wh-1'),
('sce-11', 'subscriber.created', '2024-10-10 21:00:00+00', 'sub-26', 'wh-2'),
('sce-12', 'subscriber.created', '2024-08-12 18:00:00+00', 'sub-25', 'wh-5'),
('sce-13', 'subscriber.created', '2024-12-01 18:00:00+00', 'sub-13', 'wh-6'),
('sce-14', 'subscriber.created', '2024-08-20 07:00:00+00', 'sub-1', 'wh-5'),
('sce-15', 'subscriber.created', '2024-06-08 01:00:00+00', 'sub-27', 'wh-6'),
('sce-16', 'subscriber.created', '2025-02-21 00:00:00+00', 'sub-5', 'wh-4'),
('sce-17', 'subscriber.created', '2025-02-06 19:00:00+00', 'sub-29', 'wh-2'),
('sce-18', 'subscriber.created', '2024-08-31 18:00:00+00', 'sub-27', 'wh-4'),
('sce-19', 'subscriber.created', '2024-07-15 10:00:00+00', 'sub-1', 'wh-6'),
('sce-20', 'subscriber.created', '2024-06-27 06:00:00+00', 'sub-38', 'wh-3'),
('sce-21', 'subscriber.created', '2024-08-16 14:00:00+00', 'sub-18', 'wh-5'),
('sce-22', 'subscriber.created', '2024-12-06 10:00:00+00', 'sub-43', 'wh-1'),
('sce-23', 'subscriber.created', '2025-01-09 20:00:00+00', 'sub-44', 'wh-6'),
('sce-24', 'subscriber.created', '2024-12-02 09:00:00+00', 'sub-48', 'wh-4'),
('sce-25', 'subscriber.created', '2024-03-11 14:00:00+00', 'sub-12', 'wh-2'),
('sce-26', 'subscriber.created', '2024-08-17 04:00:00+00', 'sub-1', 'wh-1'),
('sce-27', 'subscriber.created', '2024-03-09 09:00:00+00', 'sub-27', 'wh-1'),
('sce-28', 'subscriber.created', '2024-09-22 05:00:00+00', 'sub-4', 'wh-4'),
('sce-29', 'subscriber.created', '2025-01-12 20:00:00+00', 'sub-3', 'wh-4'),
('sce-30', 'subscriber.created', '2024-08-30 11:00:00+00', 'sub-40', 'wh-4'),
('sce-31', 'subscriber.created', '2024-11-24 07:00:00+00', 'sub-6', 'wh-5'),
('sce-32', 'subscriber.created', '2025-02-20 04:00:00+00', 'sub-20', 'wh-4'),
('sce-33', 'subscriber.created', '2024-11-27 10:00:00+00', 'sub-50', 'wh-6'),
('sce-34', 'subscriber.created', '2024-11-22 12:00:00+00', 'sub-1', 'wh-1'),
('sce-35', 'subscriber.created', '2024-11-20 14:00:00+00', 'sub-11', 'wh-3'),
('sce-36', 'subscriber.created', '2024-06-10 17:00:00+00', 'sub-40', 'wh-6'),
('sce-37', 'subscriber.created', '2024-04-20 12:00:00+00', 'sub-35', 'wh-1'),
('sce-38', 'subscriber.created', '2024-06-16 01:00:00+00', 'sub-8', 'wh-4'),
('sce-39', 'subscriber.created', '2024-05-28 11:00:00+00', 'sub-31', 'wh-1'),
('sce-40', 'subscriber.created', '2024-10-14 12:00:00+00', 'sub-42', 'wh-5'),
('sce-41', 'subscriber.created', '2024-09-28 10:00:00+00', 'sub-7', 'wh-1'),
('sce-42', 'subscriber.created', '2024-08-30 22:00:00+00', 'sub-33', 'wh-3'),
('sce-43', 'subscriber.created', '2024-07-05 17:00:00+00', 'sub-32', 'wh-2'),
('sce-44', 'subscriber.created', '2024-07-06 11:00:00+00', 'sub-33', 'wh-2'),
('sce-45', 'subscriber.created', '2024-10-11 06:00:00+00', 'sub-10', 'wh-1'),
('sce-46', 'subscriber.created', '2024-03-07 02:00:00+00', 'sub-49', 'wh-6'),
('sce-47', 'subscriber.created', '2024-10-22 23:00:00+00', 'sub-46', 'wh-4'),
('sce-48', 'subscriber.created', '2024-12-17 20:00:00+00', 'sub-12', 'wh-5'),
('sce-49', 'subscriber.created', '2024-11-29 22:00:00+00', 'sub-13', 'wh-5'),
('sce-50', 'subscriber.created', '2024-12-05 22:00:00+00', 'sub-7', 'wh-4'),
('sce-51', 'subscriber.created', '2024-09-23 23:00:00+00', 'sub-5', 'wh-1'),
('sce-52', 'subscriber.created', '2024-03-27 12:00:00+00', 'sub-41', 'wh-5'),
('sce-53', 'subscriber.created', '2024-09-25 19:00:00+00', 'sub-8', 'wh-5'),
('sce-54', 'subscriber.created', '2024-01-24 12:00:00+00', 'sub-1', 'wh-1'),
('sce-55', 'subscriber.created', '2024-07-20 14:00:00+00', 'sub-28', 'wh-1'),
('sce-56', 'subscriber.created', '2024-10-30 15:00:00+00', 'sub-16', 'wh-3'),
('sce-57', 'subscriber.created', '2024-10-05 09:00:00+00', 'sub-28', 'wh-2'),
('sce-58', 'subscriber.created', '2024-08-03 06:00:00+00', 'sub-32', 'wh-4'),
('sce-59', 'subscriber.created', '2024-03-03 13:00:00+00', 'sub-21', 'wh-2'),
('sce-60', 'subscriber.created', '2024-05-09 00:00:00+00', 'sub-49', 'wh-6'),
('sce-61', 'subscriber.created', '2024-05-28 03:00:00+00', 'sub-37', 'wh-4'),
('sce-62', 'subscriber.created', '2025-02-01 10:00:00+00', 'sub-7', 'wh-5'),
('sce-63', 'subscriber.created', '2024-08-23 23:00:00+00', 'sub-41', 'wh-3'),
('sce-64', 'subscriber.created', '2024-03-05 11:00:00+00', 'sub-13', 'wh-4'),
('sce-65', 'subscriber.created', '2025-01-22 20:00:00+00', 'sub-9', 'wh-3'),
('sce-66', 'subscriber.created', '2024-01-16 16:00:00+00', 'sub-28', 'wh-4'),
('sce-67', 'subscriber.created', '2024-11-08 20:00:00+00', 'sub-2', 'wh-4'),
('sce-68', 'subscriber.created', '2024-08-20 14:00:00+00', 'sub-45', 'wh-5'),
('sce-69', 'subscriber.created', '2025-02-07 01:00:00+00', 'sub-27', 'wh-6'),
('sce-70', 'subscriber.created', '2024-03-15 11:00:00+00', 'sub-48', 'wh-2'),
('sce-71', 'subscriber.created', '2024-08-16 11:00:00+00', 'sub-9', 'wh-5'),
('sce-72', 'subscriber.created', '2024-12-25 22:00:00+00', 'sub-36', 'wh-6'),
('sce-73', 'subscriber.created', '2024-10-04 10:00:00+00', 'sub-26', 'wh-2'),
('sce-74', 'subscriber.created', '2024-09-14 01:00:00+00', 'sub-25', 'wh-5'),
('sce-75', 'subscriber.created', '2024-10-31 08:00:00+00', 'sub-34', 'wh-5'),
('sce-76', 'subscriber.created', '2024-12-25 11:00:00+00', 'sub-3', 'wh-2'),
('sce-77', 'subscriber.created', '2024-09-07 00:00:00+00', 'sub-15', 'wh-1'),
('sce-78', 'subscriber.created', '2024-04-08 15:00:00+00', 'sub-28', 'wh-1'),
('sce-79', 'subscriber.created', '2024-07-24 18:00:00+00', 'sub-47', 'wh-5'),
('sce-80', 'subscriber.created', '2024-04-08 15:00:00+00', 'sub-33', 'wh-2'),
('sce-81', 'subscriber.created', '2024-04-16 20:00:00+00', 'sub-23', 'wh-6'),
('sce-82', 'subscriber.created', '2024-04-09 04:00:00+00', 'sub-32', 'wh-3'),
('sce-83', 'subscriber.created', '2024-10-13 02:00:00+00', 'sub-35', 'wh-2'),
('sce-84', 'subscriber.created', '2024-11-08 22:00:00+00', 'sub-22', 'wh-1'),
('sce-85', 'subscriber.created', '2024-01-28 11:00:00+00', 'sub-8', 'wh-3'),
('sce-86', 'subscriber.created', '2025-02-13 02:00:00+00', 'sub-3', 'wh-1'),
('sce-87', 'subscriber.created', '2024-08-05 06:00:00+00', 'sub-26', 'wh-3'),
('sce-88', 'subscriber.created', '2025-03-12 05:00:00+00', 'sub-27', 'wh-4'),
('sce-89', 'subscriber.created', '2024-05-24 18:00:00+00', 'sub-35', 'wh-6'),
('sce-90', 'subscriber.created', '2024-08-14 08:00:00+00', 'sub-5', 'wh-4'),
('sce-91', 'subscriber.created', '2024-03-16 14:00:00+00', 'sub-43', 'wh-1'),
('sce-92', 'subscriber.created', '2024-04-14 19:00:00+00', 'sub-1', 'wh-2'),
('sce-93', 'subscriber.created', '2024-05-24 14:00:00+00', 'sub-33', 'wh-6'),
('sce-94', 'subscriber.created', '2024-06-30 16:00:00+00', 'sub-47', 'wh-3'),
('sce-95', 'subscriber.created', '2024-06-26 05:00:00+00', 'sub-34', 'wh-3'),
('sce-96', 'subscriber.created', '2024-04-30 18:00:00+00', 'sub-7', 'wh-4'),
('sce-97', 'subscriber.created', '2025-01-30 10:00:00+00', 'sub-4', 'wh-1'),
('sce-98', 'subscriber.created', '2024-02-28 04:00:00+00', 'sub-46', 'wh-4'),
('sce-99', 'subscriber.created', '2024-07-29 20:00:00+00', 'sub-44', 'wh-4'),
('sce-100', 'subscriber.created', '2024-01-06 15:00:00+00', 'sub-45', 'wh-4'),
('sce-101', 'subscriber.created', '2024-02-18 10:00:00+00', 'sub-38', 'wh-1'),
('sce-102', 'subscriber.created', '2025-01-25 09:00:00+00', 'sub-17', 'wh-1'),
('sce-103', 'subscriber.created', '2024-09-20 01:00:00+00', 'sub-45', 'wh-2'),
('sce-104', 'subscriber.created', '2024-09-11 20:00:00+00', 'sub-15', 'wh-3'),
('sce-105', 'subscriber.created', '2024-09-24 20:00:00+00', 'sub-21', 'wh-6'),
('sce-106', 'subscriber.created', '2025-02-07 15:00:00+00', 'sub-12', 'wh-5'),
('sce-107', 'subscriber.created', '2024-08-15 22:00:00+00', 'sub-50', 'wh-2'),
('sce-108', 'subscriber.created', '2024-10-05 12:00:00+00', 'sub-16', 'wh-4'),
('sce-109', 'subscriber.created', '2024-11-03 08:00:00+00', 'sub-35', 'wh-2'),
('sce-110', 'subscriber.created', '2024-05-07 14:00:00+00', 'sub-17', 'wh-6'),
('sce-111', 'subscriber.created', '2024-06-04 05:00:00+00', 'sub-21', 'wh-4'),
('sce-112', 'subscriber.created', '2024-05-24 09:00:00+00', 'sub-12', 'wh-3'),
('sce-113', 'subscriber.created', '2024-03-27 00:00:00+00', 'sub-46', 'wh-6'),
('sce-114', 'subscriber.created', '2024-06-24 12:00:00+00', 'sub-9', 'wh-1'),
('sce-115', 'subscriber.created', '2024-05-30 18:00:00+00', 'sub-6', 'wh-3'),
('sce-116', 'subscriber.created', '2025-01-08 10:00:00+00', 'sub-4', 'wh-1'),
('sce-117', 'subscriber.created', '2025-01-04 12:00:00+00', 'sub-9', 'wh-2'),
('sce-118', 'subscriber.created', '2025-02-15 03:00:00+00', 'sub-25', 'wh-6'),
('sce-119', 'subscriber.created', '2024-07-29 11:00:00+00', 'sub-22', 'wh-5'),
('sce-120', 'subscriber.created', '2024-07-20 08:00:00+00', 'sub-14', 'wh-4'),
('sce-121', 'subscriber.created', '2024-01-01 10:00:00+00', 'sub-41', 'wh-2'),
('sce-122', 'subscriber.created', '2024-12-31 02:00:00+00', 'sub-21', 'wh-1'),
('sce-123', 'subscriber.created', '2024-07-07 16:00:00+00', 'sub-7', 'wh-4'),
('sce-124', 'subscriber.created', '2024-02-02 07:00:00+00', 'sub-28', 'wh-5'),
('sce-125', 'subscriber.created', '2024-09-19 08:00:00+00', 'sub-1', 'wh-3'),
('sce-126', 'subscriber.created', '2024-04-14 12:00:00+00', 'sub-2', 'wh-3'),
('sce-127', 'subscriber.created', '2024-08-24 14:00:00+00', 'sub-14', 'wh-5'),
('sce-128', 'subscriber.created', '2024-03-22 03:00:00+00', 'sub-22', 'wh-3'),
('sce-129', 'subscriber.created', '2024-06-13 06:00:00+00', 'sub-17', 'wh-1'),
('sce-130', 'subscriber.created', '2024-11-21 23:00:00+00', 'sub-7', 'wh-2'),
('sce-131', 'subscriber.created', '2024-09-09 09:00:00+00', 'sub-9', 'wh-3'),
('sce-132', 'subscriber.created', '2024-11-24 14:00:00+00', 'sub-1', 'wh-3'),
('sce-133', 'subscriber.created', '2024-06-23 15:00:00+00', 'sub-38', 'wh-4'),
('sce-134', 'subscriber.created', '2024-10-23 14:00:00+00', 'sub-3', 'wh-6'),
('sce-135', 'subscriber.created', '2024-12-26 23:00:00+00', 'sub-31', 'wh-2'),
('sce-136', 'subscriber.created', '2024-10-30 00:00:00+00', 'sub-2', 'wh-5'),
('sce-137', 'subscriber.created', '2025-02-25 14:00:00+00', 'sub-40', 'wh-4'),
('sce-138', 'subscriber.created', '2024-03-25 00:00:00+00', 'sub-9', 'wh-3'),
('sce-139', 'subscriber.created', '2025-01-03 00:00:00+00', 'sub-46', 'wh-2'),
('sce-140', 'subscriber.created', '2024-03-04 02:00:00+00', 'sub-35', 'wh-1'),
('sce-141', 'subscriber.created', '2024-02-04 12:00:00+00', 'sub-42', 'wh-2'),
('sce-142', 'subscriber.created', '2024-10-02 11:00:00+00', 'sub-43', 'wh-2'),
('sce-143', 'subscriber.created', '2025-01-06 04:00:00+00', 'sub-9', 'wh-1'),
('sce-144', 'subscriber.created', '2024-07-03 09:00:00+00', 'sub-11', 'wh-5'),
('sce-145', 'subscriber.created', '2024-12-29 04:00:00+00', 'sub-39', 'wh-2'),
('sce-146', 'subscriber.created', '2024-01-04 03:00:00+00', 'sub-37', 'wh-5'),
('sce-147', 'subscriber.created', '2024-07-31 04:00:00+00', 'sub-45', 'wh-6'),
('sce-148', 'subscriber.created', '2024-02-06 21:00:00+00', 'sub-26', 'wh-6'),
('sce-149', 'subscriber.created', '2024-11-28 12:00:00+00', 'sub-30', 'wh-5'),
('sce-150', 'subscriber.created', '2025-03-20 06:00:00+00', 'sub-33', 'wh-1'),
('sce-151', 'subscriber.created', '2024-03-19 11:00:00+00', 'sub-48', 'wh-3'),
('sce-152', 'subscriber.created', '2025-03-24 20:00:00+00', 'sub-32', 'wh-2'),
('sce-153', 'subscriber.created', '2024-05-01 15:00:00+00', 'sub-41', 'wh-3'),
('sce-154', 'subscriber.created', '2024-06-21 12:00:00+00', 'sub-1', 'wh-2'),
('sce-155', 'subscriber.created', '2024-07-15 22:00:00+00', 'sub-6', 'wh-6'),
('sce-156', 'subscriber.created', '2024-08-05 04:00:00+00', 'sub-46', 'wh-4'),
('sce-157', 'subscriber.created', '2024-01-04 19:00:00+00', 'sub-34', 'wh-3'),
('sce-158', 'subscriber.created', '2024-04-02 10:00:00+00', 'sub-36', 'wh-4'),
('sce-159', 'subscriber.created', '2024-07-18 01:00:00+00', 'sub-14', 'wh-1'),
('sce-160', 'subscriber.created', '2024-08-07 05:00:00+00', 'sub-10', 'wh-6'),
('sce-161', 'subscriber.created', '2024-12-24 14:00:00+00', 'sub-49', 'wh-1'),
('sce-162', 'subscriber.created', '2024-07-20 08:00:00+00', 'sub-44', 'wh-4'),
('sce-163', 'subscriber.created', '2024-02-16 12:00:00+00', 'sub-45', 'wh-5'),
('sce-164', 'subscriber.created', '2024-05-24 23:00:00+00', 'sub-50', 'wh-4'),
('sce-165', 'subscriber.created', '2024-08-14 04:00:00+00', 'sub-11', 'wh-5'),
('sce-166', 'subscriber.created', '2024-04-09 13:00:00+00', 'sub-9', 'wh-6'),
('sce-167', 'subscriber.created', '2024-06-12 11:00:00+00', 'sub-48', 'wh-6'),
('sce-168', 'subscriber.created', '2024-10-17 09:00:00+00', 'sub-8', 'wh-3'),
('sce-169', 'subscriber.created', '2024-03-10 20:00:00+00', 'sub-29', 'wh-6'),
('sce-170', 'subscriber.created', '2024-12-19 00:00:00+00', 'sub-41', 'wh-6'),
('sce-171', 'subscriber.created', '2024-06-09 23:00:00+00', 'sub-18', 'wh-2'),
('sce-172', 'subscriber.created', '2024-03-19 17:00:00+00', 'sub-32', 'wh-4'),
('sce-173', 'subscriber.created', '2024-07-31 21:00:00+00', 'sub-28', 'wh-1'),
('sce-174', 'subscriber.created', '2024-04-18 17:00:00+00', 'sub-7', 'wh-2'),
('sce-175', 'subscriber.created', '2025-01-10 04:00:00+00', 'sub-47', 'wh-2'),
('sce-176', 'subscriber.created', '2025-02-18 21:00:00+00', 'sub-50', 'wh-4'),
('sce-177', 'subscriber.created', '2025-01-09 12:00:00+00', 'sub-27', 'wh-4'),
('sce-178', 'subscriber.created', '2025-03-17 14:00:00+00', 'sub-43', 'wh-2'),
('sce-179', 'subscriber.created', '2025-02-01 04:00:00+00', 'sub-3', 'wh-2'),
('sce-180', 'subscriber.created', '2024-05-20 05:00:00+00', 'sub-5', 'wh-5'),
('sce-181', 'subscriber.created', '2025-03-19 19:00:00+00', 'sub-29', 'wh-2'),
('sce-182', 'subscriber.created', '2024-09-22 13:00:00+00', 'sub-6', 'wh-1'),
('sce-183', 'subscriber.created', '2025-02-28 08:00:00+00', 'sub-6', 'wh-2'),
('sce-184', 'subscriber.created', '2024-08-12 21:00:00+00', 'sub-43', 'wh-5'),
('sce-185', 'subscriber.created', '2024-11-07 21:00:00+00', 'sub-37', 'wh-2'),
('sce-186', 'subscriber.created', '2024-03-11 18:00:00+00', 'sub-28', 'wh-2'),
('sce-187', 'subscriber.created', '2024-07-19 17:00:00+00', 'sub-45', 'wh-5'),
('sce-188', 'subscriber.created', '2024-09-24 21:00:00+00', 'sub-12', 'wh-4'),
('sce-189', 'subscriber.created', '2024-12-05 08:00:00+00', 'sub-44', 'wh-3'),
('sce-190', 'subscriber.created', '2024-08-12 13:00:00+00', 'sub-21', 'wh-1'),
('sce-191', 'subscriber.created', '2024-05-16 07:00:00+00', 'sub-31', 'wh-5'),
('sce-192', 'subscriber.created', '2024-12-23 13:00:00+00', 'sub-42', 'wh-1'),
('sce-193', 'subscriber.created', '2024-03-12 09:00:00+00', 'sub-7', 'wh-2'),
('sce-194', 'subscriber.created', '2024-06-14 08:00:00+00', 'sub-35', 'wh-6'),
('sce-195', 'subscriber.created', '2024-02-13 07:00:00+00', 'sub-26', 'wh-3'),
('sce-196', 'subscriber.created', '2024-05-10 14:00:00+00', 'sub-21', 'wh-6'),
('sce-197', 'subscriber.created', '2024-03-12 09:00:00+00', 'sub-22', 'wh-3'),
('sce-198', 'subscriber.created', '2024-08-06 21:00:00+00', 'sub-50', 'wh-6'),
('sce-199', 'subscriber.created', '2024-08-09 03:00:00+00', 'sub-42', 'wh-1'),
('sce-200', 'subscriber.created', '2024-07-07 14:00:00+00', 'sub-14', 'wh-2'),
('sce-201', 'subscriber.created', '2024-05-04 03:00:00+00', 'sub-13', 'wh-6'),
('sce-202', 'subscriber.created', '2024-11-11 07:00:00+00', 'sub-20', 'wh-1'),
('sce-203', 'subscriber.created', '2024-08-05 12:00:00+00', 'sub-38', 'wh-4'),
('sce-204', 'subscriber.created', '2024-04-03 14:00:00+00', 'sub-37', 'wh-6'),
('sce-205', 'subscriber.created', '2024-08-20 04:00:00+00', 'sub-22', 'wh-6'),
('sce-206', 'subscriber.created', '2024-02-21 01:00:00+00', 'sub-48', 'wh-1'),
('sce-207', 'subscriber.created', '2024-09-20 05:00:00+00', 'sub-11', 'wh-3'),
('sce-208', 'subscriber.created', '2024-11-25 15:00:00+00', 'sub-1', 'wh-2'),
('sce-209', 'subscriber.created', '2025-01-07 11:00:00+00', 'sub-45', 'wh-4'),
('sce-210', 'subscriber.created', '2024-08-13 19:00:00+00', 'sub-5', 'wh-1'),
('sce-211', 'subscriber.created', '2024-04-06 09:00:00+00', 'sub-43', 'wh-1'),
('sce-212', 'subscriber.created', '2024-12-26 15:00:00+00', 'sub-47', 'wh-2'),
('sce-213', 'subscriber.created', '2024-01-20 19:00:00+00', 'sub-12', 'wh-6'),
('sce-214', 'subscriber.created', '2024-08-17 02:00:00+00', 'sub-38', 'wh-5'),
('sce-215', 'subscriber.created', '2024-01-20 21:00:00+00', 'sub-44', 'wh-6'),
('sce-216', 'subscriber.created', '2024-03-17 17:00:00+00', 'sub-50', 'wh-4'),
('sce-217', 'subscriber.created', '2024-11-06 12:00:00+00', 'sub-27', 'wh-4'),
('sce-218', 'subscriber.created', '2024-02-19 21:00:00+00', 'sub-5', 'wh-1'),
('sce-219', 'subscriber.created', '2024-02-04 02:00:00+00', 'sub-1', 'wh-3'),
('sce-220', 'subscriber.created', '2024-10-19 18:00:00+00', 'sub-21', 'wh-6'),
('sce-221', 'subscriber.created', '2024-09-17 23:00:00+00', 'sub-13', 'wh-6'),
('sce-222', 'subscriber.created', '2024-12-11 12:00:00+00', 'sub-3', 'wh-3'),
('sce-223', 'subscriber.created', '2024-08-14 09:00:00+00', 'sub-49', 'wh-5'),
('sce-224', 'subscriber.created', '2025-02-04 21:00:00+00', 'sub-6', 'wh-1'),
('sce-225', 'subscriber.created', '2024-02-01 23:00:00+00', 'sub-16', 'wh-5'),
('sce-226', 'subscriber.created', '2024-04-25 05:00:00+00', 'sub-47', 'wh-2'),
('sce-227', 'subscriber.created', '2024-12-03 16:00:00+00', 'sub-46', 'wh-6'),
('sce-228', 'subscriber.created', '2024-08-25 00:00:00+00', 'sub-13', 'wh-6'),
('sce-229', 'subscriber.created', '2024-02-09 23:00:00+00', 'sub-42', 'wh-4'),
('sce-230', 'subscriber.created', '2024-12-12 03:00:00+00', 'sub-34', 'wh-2'),
('sce-231', 'subscriber.created', '2024-01-16 10:00:00+00', 'sub-9', 'wh-2'),
('sce-232', 'subscriber.created', '2024-01-01 10:00:00+00', 'sub-9', 'wh-1'),
('sce-233', 'subscriber.created', '2025-03-26 21:00:00+00', 'sub-45', 'wh-6'),
('sce-234', 'subscriber.created', '2024-07-11 00:00:00+00', 'sub-15', 'wh-6'),
('sce-235', 'subscriber.created', '2024-12-22 12:00:00+00', 'sub-44', 'wh-1'),
('sce-236', 'subscriber.created', '2024-02-05 12:00:00+00', 'sub-3', 'wh-5'),
('sce-237', 'subscriber.created', '2024-05-22 08:00:00+00', 'sub-39', 'wh-4'),
('sce-238', 'subscriber.created', '2025-02-23 11:00:00+00', 'sub-39', 'wh-5'),
('sce-239', 'subscriber.created', '2024-01-12 19:00:00+00', 'sub-27', 'wh-3'),
('sce-240', 'subscriber.created', '2025-03-16 21:00:00+00', 'sub-9', 'wh-4'),
('sce-241', 'subscriber.created', '2024-06-02 19:00:00+00', 'sub-2', 'wh-6'),
('sce-242', 'subscriber.created', '2024-02-21 21:00:00+00', 'sub-43', 'wh-4'),
('sce-243', 'subscriber.created', '2024-07-25 17:00:00+00', 'sub-23', 'wh-3'),
('sce-244', 'subscriber.created', '2024-09-21 20:00:00+00', 'sub-40', 'wh-4'),
('sce-245', 'subscriber.created', '2024-12-03 20:00:00+00', 'sub-32', 'wh-5'),
('sce-246', 'subscriber.created', '2024-06-04 08:00:00+00', 'sub-44', 'wh-4'),
('sce-247', 'subscriber.created', '2024-02-17 14:00:00+00', 'sub-50', 'wh-1'),
('sce-248', 'subscriber.created', '2024-05-12 01:00:00+00', 'sub-5', 'wh-2'),
('sce-249', 'subscriber.created', '2024-06-20 15:00:00+00', 'sub-47', 'wh-2'),
('sce-250', 'subscriber.created', '2025-03-01 12:00:00+00', 'sub-22', 'wh-3'),
('sce-251', 'subscriber.created', '2024-12-07 01:00:00+00', 'sub-14', 'wh-4'),
('sce-252', 'subscriber.created', '2024-06-03 02:00:00+00', 'sub-5', 'wh-6'),
('sce-253', 'subscriber.created', '2024-05-19 05:00:00+00', 'sub-19', 'wh-1'),
('sce-254', 'subscriber.created', '2024-04-19 22:00:00+00', 'sub-1', 'wh-4'),
('sce-255', 'subscriber.created', '2024-04-04 09:00:00+00', 'sub-36', 'wh-5'),
('sce-256', 'subscriber.created', '2024-07-24 08:00:00+00', 'sub-13', 'wh-1'),
('sce-257', 'subscriber.created', '2024-03-21 02:00:00+00', 'sub-24', 'wh-6'),
('sce-258', 'subscriber.created', '2024-02-26 16:00:00+00', 'sub-1', 'wh-2'),
('sce-259', 'subscriber.created', '2024-05-30 16:00:00+00', 'sub-34', 'wh-2'),
('sce-260', 'subscriber.created', '2025-02-04 10:00:00+00', 'sub-18', 'wh-5'),
('sce-261', 'subscriber.created', '2024-05-19 23:00:00+00', 'sub-41', 'wh-4'),
('sce-262', 'subscriber.created', '2024-01-05 00:00:00+00', 'sub-4', 'wh-1'),
('sce-263', 'subscriber.created', '2024-10-06 20:00:00+00', 'sub-10', 'wh-2'),
('sce-264', 'subscriber.created', '2024-06-03 19:00:00+00', 'sub-44', 'wh-3'),
('sce-265', 'subscriber.created', '2024-10-08 22:00:00+00', 'sub-3', 'wh-4'),
('sce-266', 'subscriber.created', '2024-04-24 01:00:00+00', 'sub-26', 'wh-6'),
('sce-267', 'subscriber.created', '2024-07-18 07:00:00+00', 'sub-10', 'wh-2'),
('sce-268', 'subscriber.created', '2024-06-03 16:00:00+00', 'sub-36', 'wh-1'),
('sce-269', 'subscriber.created', '2024-03-02 19:00:00+00', 'sub-31', 'wh-4'),
('sce-270', 'subscriber.created', '2025-02-03 22:00:00+00', 'sub-26', 'wh-1'),
('sce-271', 'subscriber.created', '2024-11-14 10:00:00+00', 'sub-42', 'wh-2'),
('sce-272', 'subscriber.created', '2025-03-08 19:00:00+00', 'sub-8', 'wh-2'),
('sce-273', 'subscriber.created', '2025-01-16 08:00:00+00', 'sub-18', 'wh-6'),
('sce-274', 'subscriber.created', '2024-04-12 23:00:00+00', 'sub-46', 'wh-5'),
('sce-275', 'subscriber.created', '2024-03-03 01:00:00+00', 'sub-49', 'wh-1'),
('sce-276', 'subscriber.created', '2024-04-11 06:00:00+00', 'sub-32', 'wh-3'),
('sce-277', 'subscriber.created', '2024-09-24 19:00:00+00', 'sub-42', 'wh-2'),
('sce-278', 'subscriber.created', '2024-06-26 09:00:00+00', 'sub-8', 'wh-6'),
('sce-279', 'subscriber.created', '2024-12-21 21:00:00+00', 'sub-13', 'wh-6'),
('sce-280', 'subscriber.created', '2024-04-24 06:00:00+00', 'sub-31', 'wh-2'),
('sce-281', 'subscriber.created', '2024-07-24 00:00:00+00', 'sub-32', 'wh-3'),
('sce-282', 'subscriber.created', '2024-01-15 12:00:00+00', 'sub-43', 'wh-4'),
('sce-283', 'subscriber.created', '2024-03-09 21:00:00+00', 'sub-28', 'wh-5'),
('sce-284', 'subscriber.created', '2024-05-28 23:00:00+00', 'sub-32', 'wh-1'),
('sce-285', 'subscriber.created', '2024-11-15 03:00:00+00', 'sub-3', 'wh-3'),
('sce-286', 'subscriber.created', '2025-03-06 23:00:00+00', 'sub-15', 'wh-5'),
('sce-287', 'subscriber.created', '2024-10-06 03:00:00+00', 'sub-35', 'wh-3'),
('sce-288', 'subscriber.created', '2024-02-27 16:00:00+00', 'sub-15', 'wh-6'),
('sce-289', 'subscriber.created', '2025-02-11 20:00:00+00', 'sub-29', 'wh-6'),
('sce-290', 'subscriber.created', '2025-01-02 03:00:00+00', 'sub-28', 'wh-5'),
('sce-291', 'subscriber.created', '2024-05-23 21:00:00+00', 'sub-29', 'wh-6'),
('sce-292', 'subscriber.created', '2024-12-05 14:00:00+00', 'sub-18', 'wh-2'),
('sce-293', 'subscriber.created', '2024-06-11 17:00:00+00', 'sub-47', 'wh-3'),
('sce-294', 'subscriber.created', '2025-01-29 20:00:00+00', 'sub-42', 'wh-5'),
('sce-295', 'subscriber.created', '2024-03-02 23:00:00+00', 'sub-21', 'wh-2'),
('sce-296', 'subscriber.created', '2024-11-22 14:00:00+00', 'sub-22', 'wh-6'),
('sce-297', 'subscriber.created', '2024-10-04 00:00:00+00', 'sub-1', 'wh-6'),
('sce-298', 'subscriber.created', '2024-11-26 09:00:00+00', 'sub-11', 'wh-5'),
('sce-299', 'subscriber.created', '2024-10-20 14:00:00+00', 'sub-26', 'wh-4'),
('sce-300', 'subscriber.created', '2024-04-22 01:00:00+00', 'sub-31', 'wh-6'),
('sce-301', 'subscriber.created', '2024-06-03 19:00:00+00', 'sub-24', 'wh-3'),
('sce-302', 'subscriber.created', '2025-02-28 13:00:00+00', 'sub-46', 'wh-2'),
('sce-303', 'subscriber.created', '2025-01-23 20:00:00+00', 'sub-41', 'wh-5'),
('sce-304', 'subscriber.created', '2024-08-08 17:00:00+00', 'sub-30', 'wh-2'),
('sce-305', 'subscriber.created', '2025-03-17 20:00:00+00', 'sub-1', 'wh-6'),
('sce-306', 'subscriber.created', '2024-10-27 12:00:00+00', 'sub-24', 'wh-6'),
('sce-307', 'subscriber.created', '2025-02-03 11:00:00+00', 'sub-9', 'wh-4'),
('sce-308', 'subscriber.created', '2024-07-12 05:00:00+00', 'sub-10', 'wh-4'),
('sce-309', 'subscriber.created', '2025-03-22 18:00:00+00', 'sub-5', 'wh-1'),
('sce-310', 'subscriber.created', '2025-01-16 22:00:00+00', 'sub-38', 'wh-4'),
('sce-311', 'subscriber.created', '2024-02-09 02:00:00+00', 'sub-2', 'wh-1'),
('sce-312', 'subscriber.created', '2024-10-06 10:00:00+00', 'sub-33', 'wh-4'),
('sce-313', 'subscriber.created', '2025-03-19 23:00:00+00', 'sub-41', 'wh-1'),
('sce-314', 'subscriber.created', '2024-03-24 10:00:00+00', 'sub-46', 'wh-4'),
('sce-315', 'subscriber.created', '2024-08-06 07:00:00+00', 'sub-27', 'wh-4'),
('sce-316', 'subscriber.created', '2024-09-26 08:00:00+00', 'sub-10', 'wh-6'),
('sce-317', 'subscriber.created', '2024-11-06 01:00:00+00', 'sub-33', 'wh-2'),
('sce-318', 'subscriber.created', '2025-02-02 08:00:00+00', 'sub-12', 'wh-4'),
('sce-319', 'subscriber.created', '2024-05-26 17:00:00+00', 'sub-20', 'wh-6'),
('sce-320', 'subscriber.created', '2025-01-17 14:00:00+00', 'sub-50', 'wh-3'),
('sce-321', 'subscriber.created', '2024-03-05 14:00:00+00', 'sub-47', 'wh-1'),
('sce-322', 'subscriber.created', '2024-09-10 19:00:00+00', 'sub-32', 'wh-1'),
('sce-323', 'subscriber.created', '2024-06-22 15:00:00+00', 'sub-5', 'wh-6'),
('sce-324', 'subscriber.created', '2024-06-10 21:00:00+00', 'sub-23', 'wh-4'),
('sce-325', 'subscriber.created', '2024-07-21 11:00:00+00', 'sub-46', 'wh-2'),
('sce-326', 'subscriber.created', '2024-12-21 13:00:00+00', 'sub-18', 'wh-2'),
('sce-327', 'subscriber.created', '2024-02-14 09:00:00+00', 'sub-34', 'wh-2'),
('sce-328', 'subscriber.created', '2024-09-08 06:00:00+00', 'sub-5', 'wh-5'),
('sce-329', 'subscriber.created', '2024-03-07 17:00:00+00', 'sub-12', 'wh-3'),
('sce-330', 'subscriber.created', '2024-08-31 17:00:00+00', 'sub-16', 'wh-4'),
('sce-331', 'subscriber.created', '2024-10-17 18:00:00+00', 'sub-46', 'wh-5'),
('sce-332', 'subscriber.created', '2025-01-29 04:00:00+00', 'sub-18', 'wh-5'),
('sce-333', 'subscriber.created', '2024-07-30 08:00:00+00', 'sub-49', 'wh-1'),
('sce-334', 'subscriber.created', '2024-08-25 19:00:00+00', 'sub-41', 'wh-6'),
('sce-335', 'subscriber.created', '2024-07-21 07:00:00+00', 'sub-48', 'wh-1'),
('sce-336', 'subscriber.created', '2025-03-21 22:00:00+00', 'sub-33', 'wh-2'),
('sce-337', 'subscriber.created', '2024-10-23 12:00:00+00', 'sub-25', 'wh-1'),
('sce-338', 'subscriber.created', '2025-01-21 04:00:00+00', 'sub-50', 'wh-5'),
('sce-339', 'subscriber.created', '2024-08-07 13:00:00+00', 'sub-45', 'wh-6'),
('sce-340', 'subscriber.created', '2024-02-11 02:00:00+00', 'sub-43', 'wh-4'),
('sce-341', 'subscriber.created', '2024-12-16 07:00:00+00', 'sub-32', 'wh-2'),
('sce-342', 'subscriber.created', '2024-01-21 01:00:00+00', 'sub-23', 'wh-3'),
('sce-343', 'subscriber.created', '2024-08-24 05:00:00+00', 'sub-49', 'wh-2'),
('sce-344', 'subscriber.created', '2024-06-30 01:00:00+00', 'sub-6', 'wh-3'),
('sce-345', 'subscriber.created', '2024-10-05 07:00:00+00', 'sub-46', 'wh-2'),
('sce-346', 'subscriber.created', '2024-11-17 13:00:00+00', 'sub-23', 'wh-6'),
('sce-347', 'subscriber.created', '2024-02-09 12:00:00+00', 'sub-45', 'wh-4'),
('sce-348', 'subscriber.created', '2024-03-24 07:00:00+00', 'sub-16', 'wh-4'),
('sce-349', 'subscriber.created', '2024-08-15 04:00:00+00', 'sub-33', 'wh-4'),
('sce-350', 'subscriber.created', '2024-08-29 05:00:00+00', 'sub-34', 'wh-2'),
('sce-351', 'subscriber.created', '2024-01-02 16:00:00+00', 'sub-15', 'wh-5'),
('sce-352', 'subscriber.created', '2024-05-22 02:00:00+00', 'sub-44', 'wh-1'),
('sce-353', 'subscriber.created', '2024-06-16 07:00:00+00', 'sub-3', 'wh-3'),
('sce-354', 'subscriber.created', '2025-02-15 20:00:00+00', 'sub-28', 'wh-3'),
('sce-355', 'subscriber.created', '2024-01-08 20:00:00+00', 'sub-25', 'wh-6'),
('sce-356', 'subscriber.created', '2024-02-04 00:00:00+00', 'sub-5', 'wh-2'),
('sce-357', 'subscriber.created', '2024-02-09 00:00:00+00', 'sub-44', 'wh-6'),
('sce-358', 'subscriber.created', '2024-08-20 11:00:00+00', 'sub-45', 'wh-1'),
('sce-359', 'subscriber.created', '2025-01-24 15:00:00+00', 'sub-37', 'wh-3'),
('sce-360', 'subscriber.created', '2024-11-20 02:00:00+00', 'sub-36', 'wh-3'),
('sce-361', 'subscriber.created', '2024-02-07 08:00:00+00', 'sub-20', 'wh-5'),
('sce-362', 'subscriber.created', '2024-05-02 16:00:00+00', 'sub-42', 'wh-4'),
('sce-363', 'subscriber.created', '2024-01-18 20:00:00+00', 'sub-5', 'wh-1'),
('sce-364', 'subscriber.created', '2025-03-16 14:00:00+00', 'sub-22', 'wh-6'),
('sce-365', 'subscriber.created', '2024-08-30 01:00:00+00', 'sub-3', 'wh-3'),
('sce-366', 'subscriber.created', '2024-10-06 07:00:00+00', 'sub-28', 'wh-2'),
('sce-367', 'subscriber.created', '2024-11-14 02:00:00+00', 'sub-44', 'wh-6'),
('sce-368', 'subscriber.created', '2025-01-06 21:00:00+00', 'sub-23', 'wh-6'),
('sce-369', 'subscriber.created', '2025-02-28 19:00:00+00', 'sub-2', 'wh-6'),
('sce-370', 'subscriber.created', '2024-08-01 15:00:00+00', 'sub-25', 'wh-1'),
('sce-371', 'subscriber.created', '2024-12-13 23:00:00+00', 'sub-50', 'wh-1'),
('sce-372', 'subscriber.created', '2025-03-11 17:00:00+00', 'sub-26', 'wh-1'),
('sce-373', 'subscriber.created', '2024-12-08 05:00:00+00', 'sub-9', 'wh-5'),
('sce-374', 'subscriber.created', '2024-04-02 16:00:00+00', 'sub-33', 'wh-3'),
('sce-375', 'subscriber.created', '2024-03-21 11:00:00+00', 'sub-44', 'wh-4'),
('sce-376', 'subscriber.created', '2024-11-13 19:00:00+00', 'sub-40', 'wh-6'),
('sce-377', 'subscriber.created', '2024-05-08 07:00:00+00', 'sub-17', 'wh-5'),
('sce-378', 'subscriber.created', '2024-01-06 14:00:00+00', 'sub-47', 'wh-5'),
('sce-379', 'subscriber.created', '2024-07-16 23:00:00+00', 'sub-2', 'wh-5'),
('sce-380', 'subscriber.created', '2025-02-01 15:00:00+00', 'sub-19', 'wh-1'),
('sce-381', 'subscriber.created', '2024-05-25 14:00:00+00', 'sub-8', 'wh-1'),
('sce-382', 'subscriber.created', '2025-03-02 08:00:00+00', 'sub-2', 'wh-2'),
('sce-383', 'subscriber.created', '2024-08-25 13:00:00+00', 'sub-13', 'wh-3'),
('sce-384', 'subscriber.created', '2024-10-11 20:00:00+00', 'sub-21', 'wh-6'),
('sce-385', 'subscriber.created', '2024-04-18 07:00:00+00', 'sub-41', 'wh-4'),
('sce-386', 'subscriber.created', '2025-01-17 18:00:00+00', 'sub-31', 'wh-1'),
('sce-387', 'subscriber.created', '2025-03-03 15:00:00+00', 'sub-19', 'wh-4'),
('sce-388', 'subscriber.created', '2024-08-05 17:00:00+00', 'sub-46', 'wh-1'),
('sce-389', 'subscriber.created', '2024-04-09 03:00:00+00', 'sub-21', 'wh-3'),
('sce-390', 'subscriber.created', '2024-05-27 02:00:00+00', 'sub-32', 'wh-3'),
('sce-391', 'subscriber.created', '2024-06-16 01:00:00+00', 'sub-8', 'wh-6'),
('sce-392', 'subscriber.created', '2025-03-24 12:00:00+00', 'sub-29', 'wh-3'),
('sce-393', 'subscriber.created', '2024-09-18 18:00:00+00', 'sub-12', 'wh-4'),
('sce-394', 'subscriber.created', '2024-12-15 11:00:00+00', 'sub-33', 'wh-5'),
('sce-395', 'subscriber.created', '2025-02-19 01:00:00+00', 'sub-17', 'wh-4'),
('sce-396', 'subscriber.created', '2024-06-03 03:00:00+00', 'sub-4', 'wh-6'),
('sce-397', 'subscriber.created', '2025-01-27 20:00:00+00', 'sub-32', 'wh-3'),
('sce-398', 'subscriber.created', '2024-05-30 23:00:00+00', 'sub-42', 'wh-5'),
('sce-399', 'subscriber.created', '2025-02-12 18:00:00+00', 'sub-29', 'wh-2'),
('sce-400', 'subscriber.created', '2024-03-16 13:00:00+00', 'sub-19', 'wh-1'),
('sce-401', 'subscriber.created', '2024-09-14 23:00:00+00', 'sub-49', 'wh-3'),
('sce-402', 'subscriber.created', '2025-02-20 18:00:00+00', 'sub-37', 'wh-3'),
('sce-403', 'subscriber.created', '2024-11-03 11:00:00+00', 'sub-20', 'wh-2'),
('sce-404', 'subscriber.created', '2024-05-19 09:00:00+00', 'sub-11', 'wh-6'),
('sce-405', 'subscriber.created', '2024-10-21 22:00:00+00', 'sub-24', 'wh-5'),
('sce-406', 'subscriber.created', '2025-01-04 04:00:00+00', 'sub-21', 'wh-3'),
('sce-407', 'subscriber.created', '2025-01-06 03:00:00+00', 'sub-33', 'wh-3'),
('sce-408', 'subscriber.created', '2024-11-19 18:00:00+00', 'sub-38', 'wh-2'),
('sce-409', 'subscriber.created', '2024-07-31 04:00:00+00', 'sub-7', 'wh-4'),
('sce-410', 'subscriber.created', '2025-01-09 01:00:00+00', 'sub-28', 'wh-5'),
('sce-411', 'subscriber.created', '2024-06-27 22:00:00+00', 'sub-2', 'wh-4'),
('sce-412', 'subscriber.created', '2025-01-30 20:00:00+00', 'sub-37', 'wh-2'),
('sce-413', 'subscriber.created', '2024-03-08 13:00:00+00', 'sub-17', 'wh-2'),
('sce-414', 'subscriber.created', '2025-02-18 10:00:00+00', 'sub-28', 'wh-4'),
('sce-415', 'subscriber.created', '2025-01-08 07:00:00+00', 'sub-24', 'wh-6'),
('sce-416', 'subscriber.created', '2024-06-25 06:00:00+00', 'sub-19', 'wh-1'),
('sce-417', 'subscriber.created', '2024-01-17 00:00:00+00', 'sub-14', 'wh-6'),
('sce-418', 'subscriber.created', '2024-05-02 02:00:00+00', 'sub-16', 'wh-2'),
('sce-419', 'subscriber.created', '2025-02-08 00:00:00+00', 'sub-30', 'wh-2'),
('sce-420', 'subscriber.created', '2024-07-11 15:00:00+00', 'sub-28', 'wh-3'),
('sce-421', 'subscriber.created', '2024-11-30 08:00:00+00', 'sub-6', 'wh-5'),
('sce-422', 'subscriber.created', '2024-03-22 01:00:00+00', 'sub-34', 'wh-1'),
('sce-423', 'subscriber.created', '2025-01-26 13:00:00+00', 'sub-45', 'wh-4'),
('sce-424', 'subscriber.created', '2024-04-13 13:00:00+00', 'sub-16', 'wh-2'),
('sce-425', 'subscriber.created', '2024-03-05 08:00:00+00', 'sub-29', 'wh-1'),
('sce-426', 'subscriber.created', '2024-08-23 04:00:00+00', 'sub-41', 'wh-2'),
('sce-427', 'subscriber.created', '2024-05-27 17:00:00+00', 'sub-34', 'wh-4'),
('sce-428', 'subscriber.created', '2024-03-14 04:00:00+00', 'sub-7', 'wh-2'),
('sce-429', 'subscriber.created', '2024-10-11 16:00:00+00', 'sub-5', 'wh-1'),
('sce-430', 'subscriber.created', '2024-08-04 19:00:00+00', 'sub-4', 'wh-2'),
('sce-431', 'subscriber.created', '2025-03-22 15:00:00+00', 'sub-32', 'wh-4'),
('sce-432', 'subscriber.created', '2025-02-05 10:00:00+00', 'sub-34', 'wh-4'),
('sce-433', 'subscriber.created', '2024-01-30 12:00:00+00', 'sub-48', 'wh-5'),
('sce-434', 'subscriber.created', '2024-07-11 11:00:00+00', 'sub-1', 'wh-6'),
('sce-435', 'subscriber.created', '2024-10-04 19:00:00+00', 'sub-23', 'wh-3'),
('sce-436', 'subscriber.created', '2024-05-26 11:00:00+00', 'sub-35', 'wh-3'),
('sce-437', 'subscriber.created', '2024-05-14 06:00:00+00', 'sub-3', 'wh-3'),
('sce-438', 'subscriber.created', '2025-03-11 12:00:00+00', 'sub-31', 'wh-6'),
('sce-439', 'subscriber.created', '2024-06-29 11:00:00+00', 'sub-4', 'wh-6'),
('sce-440', 'subscriber.created', '2024-05-26 14:00:00+00', 'sub-43', 'wh-5'),
('sce-441', 'subscriber.created', '2025-02-07 07:00:00+00', 'sub-42', 'wh-4'),
('sce-442', 'subscriber.created', '2024-08-10 16:00:00+00', 'sub-12', 'wh-6'),
('sce-443', 'subscriber.created', '2024-11-17 03:00:00+00', 'sub-16', 'wh-1'),
('sce-444', 'subscriber.created', '2024-08-21 13:00:00+00', 'sub-45', 'wh-6'),
('sce-445', 'subscriber.created', '2024-10-06 07:00:00+00', 'sub-6', 'wh-6'),
('sce-446', 'subscriber.created', '2024-04-21 16:00:00+00', 'sub-14', 'wh-5'),
('sce-447', 'subscriber.created', '2025-03-03 17:00:00+00', 'sub-36', 'wh-1'),
('sce-448', 'subscriber.created', '2024-09-10 07:00:00+00', 'sub-41', 'wh-3'),
('sce-449', 'subscriber.created', '2024-03-22 18:00:00+00', 'sub-19', 'wh-5'),
('sce-450', 'subscriber.created', '2025-03-01 15:00:00+00', 'sub-30', 'wh-4'),
('sce-451', 'subscriber.created', '2024-12-16 19:00:00+00', 'sub-46', 'wh-2'),
('sce-452', 'subscriber.created', '2024-12-31 20:00:00+00', 'sub-26', 'wh-4'),
('sce-453', 'subscriber.created', '2024-09-04 13:00:00+00', 'sub-12', 'wh-3'),
('sce-454', 'subscriber.created', '2024-03-19 13:00:00+00', 'sub-1', 'wh-4'),
('sce-455', 'subscriber.created', '2025-02-28 18:00:00+00', 'sub-22', 'wh-3'),
('sce-456', 'subscriber.created', '2025-03-04 07:00:00+00', 'sub-13', 'wh-5'),
('sce-457', 'subscriber.created', '2024-05-16 01:00:00+00', 'sub-50', 'wh-2'),
('sce-458', 'subscriber.created', '2024-11-15 18:00:00+00', 'sub-25', 'wh-3'),
('sce-459', 'subscriber.created', '2024-06-01 00:00:00+00', 'sub-39', 'wh-1'),
('sce-460', 'subscriber.created', '2025-01-02 17:00:00+00', 'sub-1', 'wh-4'),
('sce-461', 'subscriber.created', '2024-02-03 18:00:00+00', 'sub-7', 'wh-4'),
('sce-462', 'subscriber.created', '2024-07-23 11:00:00+00', 'sub-13', 'wh-2'),
('sce-463', 'subscriber.created', '2024-06-16 16:00:00+00', 'sub-40', 'wh-6'),
('sce-464', 'subscriber.created', '2025-01-19 08:00:00+00', 'sub-1', 'wh-4'),
('sce-465', 'subscriber.created', '2024-12-17 07:00:00+00', 'sub-5', 'wh-6'),
('sce-466', 'subscriber.created', '2024-04-30 23:00:00+00', 'sub-31', 'wh-5'),
('sce-467', 'subscriber.created', '2024-08-07 01:00:00+00', 'sub-37', 'wh-4'),
('sce-468', 'subscriber.created', '2024-09-29 14:00:00+00', 'sub-11', 'wh-2'),
('sce-469', 'subscriber.created', '2024-01-29 00:00:00+00', 'sub-31', 'wh-3'),
('sce-470', 'subscriber.created', '2025-02-06 15:00:00+00', 'sub-46', 'wh-6'),
('sce-471', 'subscriber.created', '2024-08-15 04:00:00+00', 'sub-38', 'wh-6'),
('sce-472', 'subscriber.created', '2024-09-24 09:00:00+00', 'sub-43', 'wh-1'),
('sce-473', 'subscriber.created', '2024-11-29 23:00:00+00', 'sub-25', 'wh-4'),
('sce-474', 'subscriber.created', '2024-10-23 14:00:00+00', 'sub-34', 'wh-3'),
('sce-475', 'subscriber.created', '2024-04-16 15:00:00+00', 'sub-46', 'wh-3'),
('sce-476', 'subscriber.created', '2025-02-28 07:00:00+00', 'sub-34', 'wh-2'),
('sce-477', 'subscriber.created', '2024-07-05 09:00:00+00', 'sub-45', 'wh-2'),
('sce-478', 'subscriber.created', '2025-02-15 01:00:00+00', 'sub-23', 'wh-5'),
('sce-479', 'subscriber.created', '2024-10-31 05:00:00+00', 'sub-29', 'wh-3'),
('sce-480', 'subscriber.created', '2025-01-03 17:00:00+00', 'sub-29', 'wh-2'),
('sce-481', 'subscriber.created', '2025-02-19 20:00:00+00', 'sub-44', 'wh-1'),
('sce-482', 'subscriber.created', '2024-10-09 05:00:00+00', 'sub-12', 'wh-4'),
('sce-483', 'subscriber.created', '2024-02-18 13:00:00+00', 'sub-37', 'wh-3'),
('sce-484', 'subscriber.created', '2024-08-04 11:00:00+00', 'sub-30', 'wh-3'),
('sce-485', 'subscriber.created', '2024-03-01 07:00:00+00', 'sub-10', 'wh-3'),
('sce-486', 'subscriber.created', '2024-01-02 02:00:00+00', 'sub-42', 'wh-1'),
('sce-487', 'subscriber.created', '2025-03-08 10:00:00+00', 'sub-9', 'wh-1'),
('sce-488', 'subscriber.created', '2025-02-21 19:00:00+00', 'sub-44', 'wh-3'),
('sce-489', 'subscriber.created', '2024-10-12 14:00:00+00', 'sub-13', 'wh-6'),
('sce-490', 'subscriber.created', '2025-02-19 12:00:00+00', 'sub-40', 'wh-4'),
('sce-491', 'subscriber.created', '2025-01-16 15:00:00+00', 'sub-1', 'wh-1'),
('sce-492', 'subscriber.created', '2024-04-25 19:00:00+00', 'sub-45', 'wh-3'),
('sce-493', 'subscriber.created', '2024-07-28 19:00:00+00', 'sub-47', 'wh-4'),
('sce-494', 'subscriber.created', '2024-08-28 12:00:00+00', 'sub-49', 'wh-3'),
('sce-495', 'subscriber.created', '2024-06-10 15:00:00+00', 'sub-13', 'wh-1'),
('sce-496', 'subscriber.created', '2024-12-13 09:00:00+00', 'sub-6', 'wh-4'),
('sce-497', 'subscriber.created', '2025-02-07 02:00:00+00', 'sub-21', 'wh-4'),
('sce-498', 'subscriber.created', '2024-12-06 09:00:00+00', 'sub-43', 'wh-4'),
('sce-499', 'subscriber.created', '2024-09-24 01:00:00+00', 'sub-33', 'wh-6'),
('sce-500', 'subscriber.created', '2025-01-07 09:00:00+00', 'sub-7', 'wh-2'),
('sce-501', 'subscriber.created', '2024-08-03 00:00:00+00', 'sub-5', 'wh-6'),
('sce-502', 'subscriber.created', '2024-04-03 14:00:00+00', 'sub-36', 'wh-5'),
('sce-503', 'subscriber.created', '2024-12-21 12:00:00+00', 'sub-36', 'wh-6'),
('sce-504', 'subscriber.created', '2024-03-07 13:00:00+00', 'sub-3', 'wh-5'),
('sce-505', 'subscriber.created', '2024-05-29 09:00:00+00', 'sub-24', 'wh-1'),
('sce-506', 'subscriber.created', '2025-03-02 15:00:00+00', 'sub-2', 'wh-5'),
('sce-507', 'subscriber.created', '2024-05-18 18:00:00+00', 'sub-37', 'wh-5'),
('sce-508', 'subscriber.created', '2025-01-14 23:00:00+00', 'sub-2', 'wh-5'),
('sce-509', 'subscriber.created', '2024-03-30 01:00:00+00', 'sub-40', 'wh-5'),
('sce-510', 'subscriber.created', '2024-12-03 02:00:00+00', 'sub-36', 'wh-2'),
('sce-511', 'subscriber.created', '2024-10-21 23:00:00+00', 'sub-18', 'wh-6'),
('sce-512', 'subscriber.created', '2024-09-13 13:00:00+00', 'sub-42', 'wh-5'),
('sce-513', 'subscriber.created', '2024-07-10 11:00:00+00', 'sub-40', 'wh-1'),
('sce-514', 'subscriber.created', '2024-08-23 12:00:00+00', 'sub-11', 'wh-4'),
('sce-515', 'subscriber.created', '2024-05-19 22:00:00+00', 'sub-32', 'wh-1'),
('sce-516', 'subscriber.created', '2024-06-30 00:00:00+00', 'sub-46', 'wh-3'),
('sce-517', 'subscriber.created', '2024-08-12 03:00:00+00', 'sub-26', 'wh-4'),
('sce-518', 'subscriber.created', '2024-07-07 12:00:00+00', 'sub-15', 'wh-2'),
('sce-519', 'subscriber.created', '2025-01-25 08:00:00+00', 'sub-33', 'wh-2'),
('sce-520', 'subscriber.created', '2025-01-08 03:00:00+00', 'sub-20', 'wh-2'),
('sce-521', 'subscriber.created', '2024-07-12 02:00:00+00', 'sub-40', 'wh-6'),
('sce-522', 'subscriber.created', '2025-03-17 21:00:00+00', 'sub-31', 'wh-4'),
('sce-523', 'subscriber.created', '2025-01-16 19:00:00+00', 'sub-14', 'wh-4'),
('sce-524', 'subscriber.created', '2025-01-15 07:00:00+00', 'sub-36', 'wh-3'),
('sce-525', 'subscriber.created', '2024-08-15 17:00:00+00', 'sub-31', 'wh-5'),
('sce-526', 'subscriber.created', '2024-09-18 05:00:00+00', 'sub-32', 'wh-2'),
('sce-527', 'subscriber.created', '2024-11-26 21:00:00+00', 'sub-30', 'wh-1'),
('sce-528', 'subscriber.created', '2024-05-07 23:00:00+00', 'sub-7', 'wh-6'),
('sce-529', 'subscriber.created', '2024-06-09 13:00:00+00', 'sub-13', 'wh-4'),
('sce-530', 'subscriber.created', '2024-11-25 06:00:00+00', 'sub-2', 'wh-2'),
('sce-531', 'subscriber.created', '2024-11-11 06:00:00+00', 'sub-6', 'wh-5'),
('sce-532', 'subscriber.created', '2024-03-31 13:00:00+00', 'sub-24', 'wh-6'),
('sce-533', 'subscriber.created', '2024-05-29 02:00:00+00', 'sub-25', 'wh-4'),
('sce-534', 'subscriber.created', '2025-03-15 02:00:00+00', 'sub-6', 'wh-4'),
('sce-535', 'subscriber.created', '2024-03-07 20:00:00+00', 'sub-20', 'wh-3'),
('sce-536', 'subscriber.created', '2024-08-21 19:00:00+00', 'sub-36', 'wh-1'),
('sce-537', 'subscriber.created', '2024-01-09 01:00:00+00', 'sub-44', 'wh-3'),
('sce-538', 'subscriber.created', '2024-10-14 16:00:00+00', 'sub-1', 'wh-1'),
('sce-539', 'subscriber.created', '2024-07-15 00:00:00+00', 'sub-6', 'wh-5'),
('sce-540', 'subscriber.created', '2024-07-27 19:00:00+00', 'sub-46', 'wh-6'),
('sce-541', 'subscriber.created', '2024-03-18 08:00:00+00', 'sub-36', 'wh-6'),
('sce-542', 'subscriber.created', '2024-08-02 12:00:00+00', 'sub-14', 'wh-5'),
('sce-543', 'subscriber.created', '2024-04-03 01:00:00+00', 'sub-7', 'wh-2'),
('sce-544', 'subscriber.created', '2024-09-15 20:00:00+00', 'sub-49', 'wh-3'),
('sce-545', 'subscriber.created', '2024-05-01 09:00:00+00', 'sub-27', 'wh-3'),
('sce-546', 'subscriber.created', '2025-01-01 14:00:00+00', 'sub-35', 'wh-2'),
('sce-547', 'subscriber.created', '2024-04-07 00:00:00+00', 'sub-24', 'wh-2'),
('sce-548', 'subscriber.created', '2024-03-26 17:00:00+00', 'sub-29', 'wh-2'),
('sce-549', 'subscriber.created', '2024-04-19 05:00:00+00', 'sub-6', 'wh-2'),
('sce-550', 'subscriber.created', '2024-12-20 06:00:00+00', 'sub-42', 'wh-4'),
('sce-551', 'subscriber.created', '2024-08-31 03:00:00+00', 'sub-2', 'wh-2'),
('sce-552', 'subscriber.created', '2025-03-24 11:00:00+00', 'sub-35', 'wh-3'),
('sce-553', 'subscriber.created', '2024-07-05 11:00:00+00', 'sub-11', 'wh-4'),
('sce-554', 'subscriber.created', '2024-10-26 13:00:00+00', 'sub-9', 'wh-3'),
('sce-555', 'subscriber.created', '2024-09-13 17:00:00+00', 'sub-30', 'wh-3'),
('sce-556', 'subscriber.created', '2024-04-16 12:00:00+00', 'sub-38', 'wh-5'),
('sce-557', 'subscriber.created', '2025-02-07 23:00:00+00', 'sub-14', 'wh-2'),
('sce-558', 'subscriber.created', '2024-01-24 18:00:00+00', 'sub-21', 'wh-4'),
('sce-559', 'subscriber.created', '2024-07-25 11:00:00+00', 'sub-32', 'wh-6'),
('sce-560', 'subscriber.created', '2024-03-28 12:00:00+00', 'sub-16', 'wh-1'),
('sce-561', 'subscriber.created', '2025-03-04 07:00:00+00', 'sub-14', 'wh-3'),
('sce-562', 'subscriber.created', '2024-12-19 18:00:00+00', 'sub-41', 'wh-2'),
('sce-563', 'subscriber.created', '2024-03-25 15:00:00+00', 'sub-7', 'wh-1'),
('sce-564', 'subscriber.created', '2025-03-09 04:00:00+00', 'sub-4', 'wh-4'),
('sce-565', 'subscriber.created', '2024-06-14 05:00:00+00', 'sub-7', 'wh-1'),
('sce-566', 'subscriber.created', '2024-06-18 04:00:00+00', 'sub-12', 'wh-4'),
('sce-567', 'subscriber.created', '2024-11-03 21:00:00+00', 'sub-44', 'wh-4'),
('sce-568', 'subscriber.created', '2024-02-19 07:00:00+00', 'sub-40', 'wh-4'),
('sce-569', 'subscriber.created', '2024-10-21 19:00:00+00', 'sub-45', 'wh-6'),
('sce-570', 'subscriber.created', '2024-01-06 21:00:00+00', 'sub-25', 'wh-3'),
('sce-571', 'subscriber.created', '2024-06-04 08:00:00+00', 'sub-16', 'wh-5'),
('sce-572', 'subscriber.created', '2024-05-13 21:00:00+00', 'sub-1', 'wh-1'),
('sce-573', 'subscriber.created', '2024-11-04 06:00:00+00', 'sub-46', 'wh-5'),
('sce-574', 'subscriber.created', '2024-08-03 10:00:00+00', 'sub-37', 'wh-6'),
('sce-575', 'subscriber.created', '2024-08-14 21:00:00+00', 'sub-23', 'wh-5'),
('sce-576', 'subscriber.created', '2024-11-05 11:00:00+00', 'sub-31', 'wh-2'),
('sce-577', 'subscriber.created', '2025-02-14 07:00:00+00', 'sub-43', 'wh-2'),
('sce-578', 'subscriber.created', '2024-03-05 12:00:00+00', 'sub-3', 'wh-1'),
('sce-579', 'subscriber.created', '2024-02-26 22:00:00+00', 'sub-40', 'wh-5'),
('sce-580', 'subscriber.created', '2024-05-26 00:00:00+00', 'sub-24', 'wh-3'),
('sce-581', 'subscriber.created', '2024-10-29 05:00:00+00', 'sub-17', 'wh-1'),
('sce-582', 'subscriber.created', '2024-04-14 16:00:00+00', 'sub-24', 'wh-2'),
('sce-583', 'subscriber.created', '2024-12-10 19:00:00+00', 'sub-30', 'wh-3'),
('sce-584', 'subscriber.created', '2024-12-28 19:00:00+00', 'sub-34', 'wh-2'),
('sce-585', 'subscriber.created', '2024-08-21 12:00:00+00', 'sub-39', 'wh-5'),
('sce-586', 'subscriber.created', '2024-02-27 04:00:00+00', 'sub-7', 'wh-3'),
('sce-587', 'subscriber.created', '2024-04-02 21:00:00+00', 'sub-6', 'wh-4'),
('sce-588', 'subscriber.created', '2025-03-21 17:00:00+00', 'sub-9', 'wh-4'),
('sce-589', 'subscriber.created', '2024-10-04 15:00:00+00', 'sub-12', 'wh-3'),
('sce-590', 'subscriber.created', '2024-07-28 11:00:00+00', 'sub-10', 'wh-4'),
('sce-591', 'subscriber.created', '2024-02-28 13:00:00+00', 'sub-9', 'wh-1'),
('sce-592', 'subscriber.created', '2024-09-06 12:00:00+00', 'sub-18', 'wh-3'),
('sce-593', 'subscriber.created', '2024-10-26 05:00:00+00', 'sub-49', 'wh-2'),
('sce-594', 'subscriber.created', '2024-04-19 06:00:00+00', 'sub-41', 'wh-4'),
('sce-595', 'subscriber.created', '2024-12-09 00:00:00+00', 'sub-7', 'wh-6'),
('sce-596', 'subscriber.created', '2024-01-27 22:00:00+00', 'sub-15', 'wh-2'),
('sce-597', 'subscriber.created', '2024-04-24 15:00:00+00', 'sub-31', 'wh-2'),
('sce-598', 'subscriber.created', '2024-11-24 19:00:00+00', 'sub-10', 'wh-2'),
('sce-599', 'subscriber.created', '2025-02-04 15:00:00+00', 'sub-44', 'wh-6'),
('sce-600', 'subscriber.created', '2024-12-08 18:00:00+00', 'sub-39', 'wh-6'),
('sce-601', 'subscriber.created', '2024-11-21 23:00:00+00', 'sub-34', 'wh-2'),
('sce-602', 'subscriber.created', '2024-04-08 10:00:00+00', 'sub-33', 'wh-1'),
('sce-603', 'subscriber.created', '2025-03-07 19:00:00+00', 'sub-27', 'wh-2'),
('sce-604', 'subscriber.created', '2024-12-21 21:00:00+00', 'sub-6', 'wh-4'),
('sce-605', 'subscriber.created', '2024-11-30 11:00:00+00', 'sub-41', 'wh-4'),
('sce-606', 'subscriber.created', '2024-07-04 14:00:00+00', 'sub-29', 'wh-5'),
('sce-607', 'subscriber.created', '2024-10-22 05:00:00+00', 'sub-6', 'wh-4'),
('sce-608', 'subscriber.created', '2024-05-11 12:00:00+00', 'sub-36', 'wh-5'),
('sce-609', 'subscriber.created', '2024-08-05 16:00:00+00', 'sub-9', 'wh-3'),
('sce-610', 'subscriber.created', '2025-03-26 19:00:00+00', 'sub-21', 'wh-6'),
('sce-611', 'subscriber.created', '2024-05-17 03:00:00+00', 'sub-33', 'wh-1'),
('sce-612', 'subscriber.created', '2024-05-25 23:00:00+00', 'sub-8', 'wh-4'),
('sce-613', 'subscriber.created', '2024-07-30 07:00:00+00', 'sub-18', 'wh-3'),
('sce-614', 'subscriber.created', '2024-02-27 06:00:00+00', 'sub-45', 'wh-1'),
('sce-615', 'subscriber.created', '2024-05-10 18:00:00+00', 'sub-16', 'wh-5'),
('sce-616', 'subscriber.created', '2024-12-14 15:00:00+00', 'sub-15', 'wh-6'),
('sce-617', 'subscriber.created', '2024-04-02 11:00:00+00', 'sub-35', 'wh-6'),
('sce-618', 'subscriber.created', '2025-03-18 03:00:00+00', 'sub-7', 'wh-6'),
('sce-619', 'subscriber.created', '2024-03-02 08:00:00+00', 'sub-44', 'wh-4'),
('sce-620', 'subscriber.created', '2024-12-01 11:00:00+00', 'sub-5', 'wh-5'),
('sce-621', 'subscriber.created', '2024-06-01 06:00:00+00', 'sub-44', 'wh-2'),
('sce-622', 'subscriber.created', '2024-06-28 00:00:00+00', 'sub-31', 'wh-3'),
('sce-623', 'subscriber.created', '2024-03-15 22:00:00+00', 'sub-42', 'wh-4'),
('sce-624', 'subscriber.created', '2024-03-17 22:00:00+00', 'sub-46', 'wh-1'),
('sce-625', 'subscriber.created', '2024-06-22 08:00:00+00', 'sub-33', 'wh-1'),
('sce-626', 'subscriber.created', '2024-02-21 08:00:00+00', 'sub-25', 'wh-6'),
('sce-627', 'subscriber.created', '2024-06-01 14:00:00+00', 'sub-2', 'wh-6'),
('sce-628', 'subscriber.created', '2024-08-06 17:00:00+00', 'sub-11', 'wh-6'),
('sce-629', 'subscriber.created', '2024-10-20 01:00:00+00', 'sub-12', 'wh-1'),
('sce-630', 'subscriber.created', '2024-02-15 07:00:00+00', 'sub-28', 'wh-5'),
('sce-631', 'subscriber.created', '2025-01-06 08:00:00+00', 'sub-42', 'wh-4'),
('sce-632', 'subscriber.created', '2024-04-18 08:00:00+00', 'sub-27', 'wh-5'),
('sce-633', 'subscriber.created', '2024-09-27 08:00:00+00', 'sub-6', 'wh-6'),
('sce-634', 'subscriber.created', '2024-04-13 22:00:00+00', 'sub-5', 'wh-6'),
('sce-635', 'subscriber.created', '2024-03-03 20:00:00+00', 'sub-47', 'wh-5'),
('sce-636', 'subscriber.created', '2024-10-24 01:00:00+00', 'sub-1', 'wh-4'),
('sce-637', 'subscriber.created', '2024-11-09 09:00:00+00', 'sub-18', 'wh-4'),
('sce-638', 'subscriber.created', '2025-02-04 12:00:00+00', 'sub-8', 'wh-3'),
('sce-639', 'subscriber.created', '2024-05-05 08:00:00+00', 'sub-47', 'wh-2'),
('sce-640', 'subscriber.created', '2024-11-03 03:00:00+00', 'sub-33', 'wh-5'),
('sce-641', 'subscriber.created', '2025-02-15 00:00:00+00', 'sub-6', 'wh-2'),
('sce-642', 'subscriber.created', '2025-01-19 00:00:00+00', 'sub-4', 'wh-6'),
('sce-643', 'subscriber.created', '2025-03-22 18:00:00+00', 'sub-41', 'wh-5'),
('sce-644', 'subscriber.created', '2024-01-04 08:00:00+00', 'sub-8', 'wh-1'),
('sce-645', 'subscriber.created', '2025-02-18 03:00:00+00', 'sub-18', 'wh-1'),
('sce-646', 'subscriber.created', '2024-08-31 14:00:00+00', 'sub-31', 'wh-1'),
('sce-647', 'subscriber.created', '2025-03-21 12:00:00+00', 'sub-45', 'wh-6'),
('sce-648', 'subscriber.created', '2024-04-30 14:00:00+00', 'sub-5', 'wh-6'),
('sce-649', 'subscriber.created', '2024-02-29 22:00:00+00', 'sub-45', 'wh-1'),
('sce-650', 'subscriber.created', '2024-06-09 19:00:00+00', 'sub-22', 'wh-5'),
('sce-651', 'subscriber.created', '2024-12-31 19:00:00+00', 'sub-50', 'wh-6'),
('sce-652', 'subscriber.created', '2024-03-02 02:00:00+00', 'sub-46', 'wh-4'),
('sce-653', 'subscriber.created', '2024-12-15 04:00:00+00', 'sub-27', 'wh-2'),
('sce-654', 'subscriber.created', '2025-03-05 15:00:00+00', 'sub-4', 'wh-1'),
('sce-655', 'subscriber.created', '2024-12-26 15:00:00+00', 'sub-6', 'wh-6'),
('sce-656', 'subscriber.created', '2025-01-31 12:00:00+00', 'sub-35', 'wh-4'),
('sce-657', 'subscriber.created', '2024-12-18 11:00:00+00', 'sub-7', 'wh-4'),
('sce-658', 'subscriber.created', '2024-08-17 21:00:00+00', 'sub-21', 'wh-4'),
('sce-659', 'subscriber.created', '2024-06-26 09:00:00+00', 'sub-3', 'wh-5'),
('sce-660', 'subscriber.created', '2024-12-28 10:00:00+00', 'sub-7', 'wh-3'),
('sce-661', 'subscriber.created', '2024-07-26 15:00:00+00', 'sub-21', 'wh-6'),
('sce-662', 'subscriber.created', '2024-09-01 15:00:00+00', 'sub-42', 'wh-5'),
('sce-663', 'subscriber.created', '2024-02-21 01:00:00+00', 'sub-22', 'wh-5'),
('sce-664', 'subscriber.created', '2024-12-07 00:00:00+00', 'sub-50', 'wh-2'),
('sce-665', 'subscriber.created', '2024-10-10 03:00:00+00', 'sub-29', 'wh-1'),
('sce-666', 'subscriber.created', '2025-01-01 10:00:00+00', 'sub-3', 'wh-1'),
('sce-667', 'subscriber.created', '2024-05-26 08:00:00+00', 'sub-28', 'wh-3'),
('sce-668', 'subscriber.created', '2025-03-16 16:00:00+00', 'sub-19', 'wh-6'),
('sce-669', 'subscriber.created', '2024-09-24 03:00:00+00', 'sub-23', 'wh-5'),
('sce-670', 'subscriber.created', '2024-06-18 08:00:00+00', 'sub-44', 'wh-2'),
('sce-671', 'subscriber.created', '2024-11-21 04:00:00+00', 'sub-46', 'wh-5'),
('sce-672', 'subscriber.created', '2025-01-06 17:00:00+00', 'sub-13', 'wh-3'),
('sce-673', 'subscriber.created', '2024-04-07 15:00:00+00', 'sub-36', 'wh-6'),
('sce-674', 'subscriber.created', '2025-02-10 18:00:00+00', 'sub-44', 'wh-5'),
('sce-675', 'subscriber.created', '2024-08-15 03:00:00+00', 'sub-16', 'wh-2'),
('sce-676', 'subscriber.created', '2024-04-05 00:00:00+00', 'sub-17', 'wh-3'),
('sce-677', 'subscriber.created', '2024-03-24 14:00:00+00', 'sub-24', 'wh-3'),
('sce-678', 'subscriber.created', '2024-03-17 05:00:00+00', 'sub-29', 'wh-3'),
('sce-679', 'subscriber.created', '2024-09-12 22:00:00+00', 'sub-6', 'wh-6'),
('sce-680', 'subscriber.created', '2024-04-14 17:00:00+00', 'sub-6', 'wh-2'),
('sce-681', 'subscriber.created', '2024-12-01 08:00:00+00', 'sub-48', 'wh-5'),
('sce-682', 'subscriber.created', '2024-03-10 07:00:00+00', 'sub-30', 'wh-6'),
('sce-683', 'subscriber.created', '2025-01-14 02:00:00+00', 'sub-18', 'wh-2'),
('sce-684', 'subscriber.created', '2025-02-21 06:00:00+00', 'sub-39', 'wh-6'),
('sce-685', 'subscriber.created', '2024-10-17 15:00:00+00', 'sub-24', 'wh-1'),
('sce-686', 'subscriber.created', '2024-02-06 18:00:00+00', 'sub-49', 'wh-3'),
('sce-687', 'subscriber.created', '2024-12-03 16:00:00+00', 'sub-27', 'wh-5'),
('sce-688', 'subscriber.created', '2024-07-30 12:00:00+00', 'sub-45', 'wh-1'),
('sce-689', 'subscriber.created', '2024-07-24 06:00:00+00', 'sub-30', 'wh-3'),
('sce-690', 'subscriber.created', '2024-10-01 22:00:00+00', 'sub-4', 'wh-1'),
('sce-691', 'subscriber.created', '2024-08-04 13:00:00+00', 'sub-3', 'wh-4'),
('sce-692', 'subscriber.created', '2024-12-10 03:00:00+00', 'sub-30', 'wh-5'),
('sce-693', 'subscriber.created', '2024-08-02 07:00:00+00', 'sub-27', 'wh-6'),
('sce-694', 'subscriber.created', '2024-04-15 07:00:00+00', 'sub-9', 'wh-6'),
('sce-695', 'subscriber.created', '2025-01-28 12:00:00+00', 'sub-44', 'wh-6'),
('sce-696', 'subscriber.created', '2024-01-29 09:00:00+00', 'sub-11', 'wh-1'),
('sce-697', 'subscriber.created', '2024-06-29 07:00:00+00', 'sub-6', 'wh-4'),
('sce-698', 'subscriber.created', '2024-01-31 23:00:00+00', 'sub-48', 'wh-4'),
('sce-699', 'subscriber.created', '2024-07-05 12:00:00+00', 'sub-41', 'wh-4'),
('sce-700', 'subscriber.created', '2024-12-07 12:00:00+00', 'sub-7', 'wh-6'),
('sce-701', 'subscriber.created', '2024-08-24 11:00:00+00', 'sub-9', 'wh-6'),
('sce-702', 'subscriber.created', '2025-02-04 13:00:00+00', 'sub-50', 'wh-2'),
('sce-703', 'subscriber.created', '2024-05-14 05:00:00+00', 'sub-50', 'wh-4'),
('sce-704', 'subscriber.created', '2024-05-15 16:00:00+00', 'sub-5', 'wh-2'),
('sce-705', 'subscriber.created', '2024-04-28 15:00:00+00', 'sub-46', 'wh-5'),
('sce-706', 'subscriber.created', '2024-12-10 16:00:00+00', 'sub-6', 'wh-4'),
('sce-707', 'subscriber.created', '2024-01-08 19:00:00+00', 'sub-1', 'wh-1'),
('sce-708', 'subscriber.created', '2024-12-29 17:00:00+00', 'sub-11', 'wh-6'),
('sce-709', 'subscriber.created', '2025-02-14 23:00:00+00', 'sub-27', 'wh-5'),
('sce-710', 'subscriber.created', '2024-06-02 16:00:00+00', 'sub-17', 'wh-2'),
('sce-711', 'subscriber.created', '2024-12-05 11:00:00+00', 'sub-30', 'wh-5'),
('sce-712', 'subscriber.created', '2024-03-15 20:00:00+00', 'sub-4', 'wh-3'),
('sce-713', 'subscriber.created', '2024-12-22 15:00:00+00', 'sub-5', 'wh-4'),
('sce-714', 'subscriber.created', '2024-09-01 03:00:00+00', 'sub-40', 'wh-2'),
('sce-715', 'subscriber.created', '2024-01-25 08:00:00+00', 'sub-13', 'wh-6'),
('sce-716', 'subscriber.created', '2024-03-10 08:00:00+00', 'sub-50', 'wh-1'),
('sce-717', 'subscriber.created', '2024-04-05 21:00:00+00', 'sub-38', 'wh-4'),
('sce-718', 'subscriber.created', '2025-03-19 07:00:00+00', 'sub-32', 'wh-5'),
('sce-719', 'subscriber.created', '2024-07-12 04:00:00+00', 'sub-14', 'wh-1'),
('sce-720', 'subscriber.created', '2024-10-24 13:00:00+00', 'sub-24', 'wh-5'),
('sce-721', 'subscriber.created', '2024-01-27 01:00:00+00', 'sub-27', 'wh-5'),
('sce-722', 'subscriber.created', '2024-08-27 07:00:00+00', 'sub-36', 'wh-4'),
('sce-723', 'subscriber.created', '2024-02-04 04:00:00+00', 'sub-25', 'wh-2'),
('sce-724', 'subscriber.created', '2024-03-15 09:00:00+00', 'sub-18', 'wh-4'),
('sce-725', 'subscriber.created', '2024-08-03 21:00:00+00', 'sub-48', 'wh-5'),
('sce-726', 'subscriber.created', '2025-01-11 00:00:00+00', 'sub-19', 'wh-6'),
('sce-727', 'subscriber.created', '2024-02-02 00:00:00+00', 'sub-38', 'wh-5'),
('sce-728', 'subscriber.created', '2024-09-26 05:00:00+00', 'sub-30', 'wh-1'),
('sce-729', 'subscriber.created', '2024-12-29 14:00:00+00', 'sub-16', 'wh-3'),
('sce-730', 'subscriber.created', '2024-09-14 09:00:00+00', 'sub-41', 'wh-6'),
('sce-731', 'subscriber.created', '2024-03-23 10:00:00+00', 'sub-31', 'wh-3'),
('sce-732', 'subscriber.created', '2024-07-30 23:00:00+00', 'sub-26', 'wh-6'),
('sce-733', 'subscriber.created', '2024-09-25 05:00:00+00', 'sub-19', 'wh-3'),
('sce-734', 'subscriber.created', '2024-10-18 12:00:00+00', 'sub-37', 'wh-1'),
('sce-735', 'subscriber.created', '2024-04-30 11:00:00+00', 'sub-4', 'wh-4'),
('sce-736', 'subscriber.created', '2024-07-15 09:00:00+00', 'sub-37', 'wh-1'),
('sce-737', 'subscriber.created', '2024-10-03 11:00:00+00', 'sub-39', 'wh-2'),
('sce-738', 'subscriber.created', '2024-07-08 01:00:00+00', 'sub-28', 'wh-1'),
('sce-739', 'subscriber.created', '2024-01-21 12:00:00+00', 'sub-37', 'wh-3'),
('sce-740', 'subscriber.created', '2024-07-14 18:00:00+00', 'sub-5', 'wh-1'),
('sce-741', 'subscriber.created', '2024-04-27 10:00:00+00', 'sub-11', 'wh-6'),
('sce-742', 'subscriber.created', '2025-01-21 22:00:00+00', 'sub-37', 'wh-2'),
('sce-743', 'subscriber.created', '2024-07-17 10:00:00+00', 'sub-5', 'wh-4'),
('sce-744', 'subscriber.created', '2024-05-03 19:00:00+00', 'sub-31', 'wh-5'),
('sce-745', 'subscriber.created', '2024-12-20 06:00:00+00', 'sub-7', 'wh-1'),
('sce-746', 'subscriber.created', '2024-03-09 07:00:00+00', 'sub-6', 'wh-1'),
('sce-747', 'subscriber.created', '2025-01-15 03:00:00+00', 'sub-12', 'wh-3'),
('sce-748', 'subscriber.created', '2025-03-16 09:00:00+00', 'sub-1', 'wh-1'),
('sce-749', 'subscriber.created', '2024-05-18 14:00:00+00', 'sub-10', 'wh-2'),
('sce-750', 'subscriber.created', '2025-02-11 09:00:00+00', 'sub-17', 'wh-2'),
('sce-751', 'subscriber.created', '2024-04-19 19:00:00+00', 'sub-27', 'wh-1'),
('sce-752', 'subscriber.created', '2024-05-17 09:00:00+00', 'sub-15', 'wh-4'),
('sce-753', 'subscriber.created', '2024-06-03 21:00:00+00', 'sub-50', 'wh-1'),
('sce-754', 'subscriber.created', '2024-05-13 14:00:00+00', 'sub-12', 'wh-5'),
('sce-755', 'subscriber.created', '2024-03-10 14:00:00+00', 'sub-40', 'wh-6'),
('sce-756', 'subscriber.created', '2025-03-10 16:00:00+00', 'sub-11', 'wh-1'),
('sce-757', 'subscriber.created', '2024-12-03 13:00:00+00', 'sub-47', 'wh-5'),
('sce-758', 'subscriber.created', '2024-09-10 20:00:00+00', 'sub-7', 'wh-4'),
('sce-759', 'subscriber.created', '2024-01-17 10:00:00+00', 'sub-36', 'wh-6'),
('sce-760', 'subscriber.created', '2024-03-18 00:00:00+00', 'sub-7', 'wh-6'),
('sce-761', 'subscriber.created', '2024-12-26 00:00:00+00', 'sub-35', 'wh-3'),
('sce-762', 'subscriber.created', '2024-06-21 03:00:00+00', 'sub-17', 'wh-4'),
('sce-763', 'subscriber.created', '2024-12-29 16:00:00+00', 'sub-44', 'wh-1'),
('sce-764', 'subscriber.created', '2024-08-10 11:00:00+00', 'sub-15', 'wh-3'),
('sce-765', 'subscriber.created', '2024-05-03 15:00:00+00', 'sub-47', 'wh-3'),
('sce-766', 'subscriber.created', '2024-03-08 04:00:00+00', 'sub-45', 'wh-5'),
('sce-767', 'subscriber.created', '2024-03-30 21:00:00+00', 'sub-11', 'wh-3'),
('sce-768', 'subscriber.created', '2025-01-04 21:00:00+00', 'sub-26', 'wh-1'),
('sce-769', 'subscriber.created', '2024-04-01 22:00:00+00', 'sub-40', 'wh-5'),
('sce-770', 'subscriber.created', '2025-01-19 01:00:00+00', 'sub-30', 'wh-6'),
('sce-771', 'subscriber.created', '2024-08-30 17:00:00+00', 'sub-25', 'wh-4'),
('sce-772', 'subscriber.created', '2024-06-20 11:00:00+00', 'sub-26', 'wh-2'),
('sce-773', 'subscriber.created', '2024-08-12 12:00:00+00', 'sub-9', 'wh-2'),
('sce-774', 'subscriber.created', '2024-02-11 19:00:00+00', 'sub-27', 'wh-3'),
('sce-775', 'subscriber.created', '2024-07-07 06:00:00+00', 'sub-47', 'wh-1'),
('sce-776', 'subscriber.created', '2024-05-22 13:00:00+00', 'sub-17', 'wh-3'),
('sce-777', 'subscriber.created', '2024-07-24 03:00:00+00', 'sub-48', 'wh-4'),
('sce-778', 'subscriber.created', '2025-01-15 17:00:00+00', 'sub-12', 'wh-4'),
('sce-779', 'subscriber.created', '2024-01-11 08:00:00+00', 'sub-14', 'wh-3'),
('sce-780', 'subscriber.created', '2024-06-14 01:00:00+00', 'sub-32', 'wh-4'),
('sce-781', 'subscriber.created', '2024-07-21 07:00:00+00', 'sub-41', 'wh-4'),
('sce-782', 'subscriber.created', '2024-10-05 10:00:00+00', 'sub-44', 'wh-5'),
('sce-783', 'subscriber.created', '2024-09-07 10:00:00+00', 'sub-2', 'wh-5'),
('sce-784', 'subscriber.created', '2025-01-31 07:00:00+00', 'sub-28', 'wh-6'),
('sce-785', 'subscriber.created', '2025-03-15 19:00:00+00', 'sub-16', 'wh-1'),
('sce-786', 'subscriber.created', '2025-03-26 19:00:00+00', 'sub-49', 'wh-6'),
('sce-787', 'subscriber.created', '2024-06-24 03:00:00+00', 'sub-40', 'wh-4'),
('sce-788', 'subscriber.created', '2025-03-25 01:00:00+00', 'sub-19', 'wh-5'),
('sce-789', 'subscriber.created', '2024-08-14 18:00:00+00', 'sub-45', 'wh-6'),
('sce-790', 'subscriber.created', '2024-10-11 07:00:00+00', 'sub-12', 'wh-4'),
('sce-791', 'subscriber.created', '2024-04-09 17:00:00+00', 'sub-26', 'wh-1'),
('sce-792', 'subscriber.created', '2025-02-22 06:00:00+00', 'sub-29', 'wh-4'),
('sce-793', 'subscriber.created', '2024-02-05 11:00:00+00', 'sub-9', 'wh-2'),
('sce-794', 'subscriber.created', '2024-05-23 05:00:00+00', 'sub-15', 'wh-1'),
('sce-795', 'subscriber.created', '2024-08-24 05:00:00+00', 'sub-34', 'wh-4'),
('sce-796', 'subscriber.created', '2024-03-28 09:00:00+00', 'sub-40', 'wh-4'),
('sce-797', 'subscriber.created', '2024-10-24 02:00:00+00', 'sub-9', 'wh-2'),
('sce-798', 'subscriber.created', '2024-09-14 00:00:00+00', 'sub-37', 'wh-6'),
('sce-799', 'subscriber.created', '2024-12-12 11:00:00+00', 'sub-13', 'wh-1'),
('sce-800', 'subscriber.created', '2024-05-26 20:00:00+00', 'sub-20', 'wh-2'),
('sce-801', 'subscriber.created', '2024-12-04 06:00:00+00', 'sub-23', 'wh-3'),
('sce-802', 'subscriber.created', '2024-08-03 20:00:00+00', 'sub-14', 'wh-1'),
('sce-803', 'subscriber.created', '2025-03-22 01:00:00+00', 'sub-19', 'wh-1'),
('sce-804', 'subscriber.created', '2024-01-12 20:00:00+00', 'sub-16', 'wh-2'),
('sce-805', 'subscriber.created', '2024-08-27 04:00:00+00', 'sub-46', 'wh-5'),
('sce-806', 'subscriber.created', '2024-03-26 08:00:00+00', 'sub-31', 'wh-1'),
('sce-807', 'subscriber.created', '2024-03-19 16:00:00+00', 'sub-49', 'wh-4'),
('sce-808', 'subscriber.created', '2024-01-17 06:00:00+00', 'sub-43', 'wh-4'),
('sce-809', 'subscriber.created', '2024-10-05 22:00:00+00', 'sub-48', 'wh-5'),
('sce-810', 'subscriber.created', '2025-02-28 20:00:00+00', 'sub-1', 'wh-3'),
('sce-811', 'subscriber.created', '2025-01-07 18:00:00+00', 'sub-27', 'wh-6'),
('sce-812', 'subscriber.created', '2025-01-13 11:00:00+00', 'sub-35', 'wh-6'),
('sce-813', 'subscriber.created', '2024-07-29 08:00:00+00', 'sub-6', 'wh-5'),
('sce-814', 'subscriber.created', '2024-11-05 02:00:00+00', 'sub-6', 'wh-6'),
('sce-815', 'subscriber.created', '2024-10-07 22:00:00+00', 'sub-34', 'wh-5'),
('sce-816', 'subscriber.created', '2024-07-25 06:00:00+00', 'sub-47', 'wh-5'),
('sce-817', 'subscriber.created', '2024-06-27 15:00:00+00', 'sub-43', 'wh-2'),
('sce-818', 'subscriber.created', '2024-05-04 17:00:00+00', 'sub-39', 'wh-3'),
('sce-819', 'subscriber.created', '2024-05-31 22:00:00+00', 'sub-5', 'wh-5'),
('sce-820', 'subscriber.created', '2024-09-28 11:00:00+00', 'sub-49', 'wh-4'),
('sce-821', 'subscriber.created', '2024-10-29 23:00:00+00', 'sub-40', 'wh-1'),
('sce-822', 'subscriber.created', '2024-12-09 19:00:00+00', 'sub-13', 'wh-3'),
('sce-823', 'subscriber.created', '2025-02-16 21:00:00+00', 'sub-2', 'wh-1'),
('sce-824', 'subscriber.created', '2024-08-15 21:00:00+00', 'sub-24', 'wh-2'),
('sce-825', 'subscriber.created', '2024-10-05 16:00:00+00', 'sub-35', 'wh-5'),
('sce-826', 'subscriber.created', '2024-10-20 14:00:00+00', 'sub-36', 'wh-1'),
('sce-827', 'subscriber.created', '2024-06-02 08:00:00+00', 'sub-48', 'wh-3'),
('sce-828', 'subscriber.created', '2024-12-31 12:00:00+00', 'sub-17', 'wh-4'),
('sce-829', 'subscriber.created', '2024-03-07 03:00:00+00', 'sub-34', 'wh-6'),
('sce-830', 'subscriber.created', '2024-12-10 10:00:00+00', 'sub-10', 'wh-2'),
('sce-831', 'subscriber.created', '2024-01-03 21:00:00+00', 'sub-47', 'wh-6'),
('sce-832', 'subscriber.created', '2025-02-13 05:00:00+00', 'sub-41', 'wh-3'),
('sce-833', 'subscriber.created', '2024-05-03 23:00:00+00', 'sub-6', 'wh-6'),
('sce-834', 'subscriber.created', '2025-02-05 22:00:00+00', 'sub-39', 'wh-5'),
('sce-835', 'subscriber.created', '2024-01-10 14:00:00+00', 'sub-38', 'wh-4'),
('sce-836', 'subscriber.created', '2024-02-06 12:00:00+00', 'sub-39', 'wh-4'),
('sce-837', 'subscriber.created', '2024-03-26 06:00:00+00', 'sub-43', 'wh-1'),
('sce-838', 'subscriber.created', '2024-01-18 03:00:00+00', 'sub-33', 'wh-2'),
('sce-839', 'subscriber.created', '2024-05-16 23:00:00+00', 'sub-31', 'wh-2'),
('sce-840', 'subscriber.created', '2024-09-28 05:00:00+00', 'sub-16', 'wh-5'),
('sce-841', 'subscriber.created', '2024-06-09 03:00:00+00', 'sub-1', 'wh-2'),
('sce-842', 'subscriber.created', '2024-05-08 06:00:00+00', 'sub-14', 'wh-1'),
('sce-843', 'subscriber.created', '2024-06-26 06:00:00+00', 'sub-27', 'wh-6'),
('sce-844', 'subscriber.created', '2024-10-23 00:00:00+00', 'sub-11', 'wh-3'),
('sce-845', 'subscriber.created', '2025-01-02 08:00:00+00', 'sub-43', 'wh-3'),
('sce-846', 'subscriber.created', '2024-08-06 10:00:00+00', 'sub-20', 'wh-1'),
('sce-847', 'subscriber.created', '2024-12-12 02:00:00+00', 'sub-22', 'wh-3'),
('sce-848', 'subscriber.created', '2024-04-16 11:00:00+00', 'sub-44', 'wh-3'),
('sce-849', 'subscriber.created', '2024-04-18 14:00:00+00', 'sub-15', 'wh-5'),
('sce-850', 'subscriber.created', '2025-03-10 02:00:00+00', 'sub-50', 'wh-3'),
('sce-851', 'subscriber.created', '2024-11-28 19:00:00+00', 'sub-34', 'wh-5'),
('sce-852', 'subscriber.created', '2024-01-31 08:00:00+00', 'sub-7', 'wh-4'),
('sce-853', 'subscriber.created', '2024-02-06 01:00:00+00', 'sub-47', 'wh-5'),
('sce-854', 'subscriber.created', '2025-02-26 17:00:00+00', 'sub-12', 'wh-6'),
('sce-855', 'subscriber.created', '2024-03-20 11:00:00+00', 'sub-20', 'wh-2'),
('sce-856', 'subscriber.created', '2024-04-22 20:00:00+00', 'sub-14', 'wh-3'),
('sce-857', 'subscriber.created', '2024-04-26 21:00:00+00', 'sub-50', 'wh-3'),
('sce-858', 'subscriber.created', '2024-01-03 11:00:00+00', 'sub-13', 'wh-2'),
('sce-859', 'subscriber.created', '2025-02-01 07:00:00+00', 'sub-28', 'wh-2'),
('sce-860', 'subscriber.created', '2024-04-25 18:00:00+00', 'sub-15', 'wh-2'),
('sce-861', 'subscriber.created', '2025-01-26 19:00:00+00', 'sub-3', 'wh-1'),
('sce-862', 'subscriber.created', '2025-02-08 08:00:00+00', 'sub-50', 'wh-3'),
('sce-863', 'subscriber.created', '2024-06-23 21:00:00+00', 'sub-19', 'wh-6'),
('sce-864', 'subscriber.created', '2024-08-27 05:00:00+00', 'sub-44', 'wh-2'),
('sce-865', 'subscriber.created', '2024-09-21 14:00:00+00', 'sub-44', 'wh-6'),
('sce-866', 'subscriber.created', '2024-06-08 23:00:00+00', 'sub-42', 'wh-5'),
('sce-867', 'subscriber.created', '2024-04-10 14:00:00+00', 'sub-18', 'wh-1'),
('sce-868', 'subscriber.created', '2024-06-18 16:00:00+00', 'sub-42', 'wh-2'),
('sce-869', 'subscriber.created', '2024-08-21 18:00:00+00', 'sub-44', 'wh-5'),
('sce-870', 'subscriber.created', '2024-10-19 21:00:00+00', 'sub-2', 'wh-2'),
('sce-871', 'subscriber.created', '2024-03-22 05:00:00+00', 'sub-12', 'wh-4'),
('sce-872', 'subscriber.created', '2024-08-20 06:00:00+00', 'sub-30', 'wh-2'),
('sce-873', 'subscriber.created', '2024-02-28 16:00:00+00', 'sub-19', 'wh-6'),
('sce-874', 'subscriber.created', '2024-01-28 06:00:00+00', 'sub-49', 'wh-5'),
('sce-875', 'subscriber.created', '2024-04-15 10:00:00+00', 'sub-43', 'wh-6'),
('sce-876', 'subscriber.created', '2025-02-08 11:00:00+00', 'sub-13', 'wh-3'),
('sce-877', 'subscriber.created', '2024-08-16 23:00:00+00', 'sub-1', 'wh-1'),
('sce-878', 'subscriber.created', '2024-02-18 13:00:00+00', 'sub-45', 'wh-2'),
('sce-879', 'subscriber.created', '2024-05-17 14:00:00+00', 'sub-30', 'wh-2'),
('sce-880', 'subscriber.created', '2025-02-20 12:00:00+00', 'sub-19', 'wh-6'),
('sce-881', 'subscriber.created', '2025-02-27 14:00:00+00', 'sub-12', 'wh-2'),
('sce-882', 'subscriber.created', '2024-10-15 00:00:00+00', 'sub-2', 'wh-3'),
('sce-883', 'subscriber.created', '2024-04-07 13:00:00+00', 'sub-46', 'wh-6'),
('sce-884', 'subscriber.created', '2024-09-17 15:00:00+00', 'sub-42', 'wh-4'),
('sce-885', 'subscriber.created', '2024-10-12 11:00:00+00', 'sub-39', 'wh-6'),
('sce-886', 'subscriber.created', '2024-01-16 11:00:00+00', 'sub-4', 'wh-5'),
('sce-887', 'subscriber.created', '2024-11-25 23:00:00+00', 'sub-18', 'wh-4'),
('sce-888', 'subscriber.created', '2024-11-22 16:00:00+00', 'sub-44', 'wh-1'),
('sce-889', 'subscriber.created', '2024-04-30 04:00:00+00', 'sub-46', 'wh-2'),
('sce-890', 'subscriber.created', '2024-06-17 21:00:00+00', 'sub-20', 'wh-2'),
('sce-891', 'subscriber.created', '2025-02-01 01:00:00+00', 'sub-32', 'wh-3'),
('sce-892', 'subscriber.created', '2025-02-02 03:00:00+00', 'sub-9', 'wh-4'),
('sce-893', 'subscriber.created', '2024-05-03 16:00:00+00', 'sub-26', 'wh-6'),
('sce-894', 'subscriber.created', '2024-03-08 04:00:00+00', 'sub-3', 'wh-6'),
('sce-895', 'subscriber.created', '2024-03-11 04:00:00+00', 'sub-46', 'wh-1'),
('sce-896', 'subscriber.created', '2024-05-11 07:00:00+00', 'sub-9', 'wh-6');

-- Batch Insert into subscriber_segment table
INSERT INTO public.subscriber_segment (id, created_at, created_by, segment_id, subscriber_id) VALUES
('ss-1', '2024-11-19 00:00:00+00', 'user-1', 'seg-10', 'sub-10'),
('ss-2', '2024-09-14 00:00:00+00', 'user-2', 'seg-3', 'sub-39'),
('ss-3', '2024-01-06 00:00:00+00', 'user-3', 'seg-10', 'sub-34'),
('ss-4', '2025-02-15 00:00:00+00', 'user-1', 'seg-3', 'sub-44'),
('ss-5', '2024-07-06 00:00:00+00', 'user-2', 'seg-2', 'sub-19'),
('ss-6', '2024-04-21 00:00:00+00', 'user-3', 'seg-2', 'sub-10'),
('ss-7', '2024-07-06 00:00:00+00', 'user-1', 'seg-1', 'sub-40'),
('ss-8', '2025-03-11 00:00:00+00', 'user-2', 'seg-1', 'sub-10'),
('ss-9', '2024-02-04 00:00:00+00', 'user-3', 'seg-5', 'sub-15'),
('ss-10', '2024-06-01 00:00:00+00', 'user-1', 'seg-8', 'sub-28'),
('ss-11', '2025-03-22 00:00:00+00', 'user-2', 'seg-10', 'sub-35'),
('ss-12', '2024-04-06 00:00:00+00', 'user-3', 'seg-9', 'sub-8'),
('ss-13', '2024-01-09 00:00:00+00', 'user-1', 'seg-7', 'sub-10'),
('ss-14', '2024-10-27 00:00:00+00', 'user-2', 'seg-4', 'sub-11'),
('ss-15', '2024-05-20 00:00:00+00', 'user-3', 'seg-3', 'sub-20'),
('ss-16', '2024-12-03 00:00:00+00', 'user-1', 'seg-2', 'sub-31'),
('ss-17', '2024-02-14 00:00:00+00', 'user-2', 'seg-3', 'sub-1'),
('ss-18', '2024-07-21 00:00:00+00', 'user-3', 'seg-2', 'sub-37'),
('ss-19', '2024-11-24 00:00:00+00', 'user-1', 'seg-10', 'sub-18'),
('ss-20', '2024-03-12 00:00:00+00', 'user-2', 'seg-1', 'sub-9');

-- Batch Insert into webhook_event table
INSERT INTO public.webhook_event (id, created_at, created_by, event_id, webhook_id) VALUES
('we-1', '2024-11-27 17:00:00+00', 'user-1', 'event-3', 'wh-5'),
('we-2', '2024-11-23 04:00:00+00', 'user-3', 'event-2', 'wh-5'),
('we-3', '2024-07-08 01:00:00+00', 'user-1', 'event-2', 'wh-6'),
('we-4', '2024-12-22 01:00:00+00', 'user-1', 'event-3', 'wh-1'),
('we-5', '2024-12-04 03:00:00+00', 'user-3', 'event-1', 'wh-2'),
('we-6', '2024-01-08 09:00:00+00', 'user-2', 'event-2', 'wh-4'),
('we-7', '2025-02-03 17:00:00+00', 'user-1', 'event-3', 'wh-1'),
('we-8', '2024-01-14 04:00:00+00', 'user-2', 'event-2', 'wh-3'),
('we-9', '2025-03-23 23:00:00+00', 'user-2', 'event-1', 'wh-3'),
('we-10', '2024-06-29 00:00:00+00', 'user-1', 'event-1', 'wh-2'),
('we-11', '2025-01-01 22:00:00+00', 'user-3', 'event-2', 'wh-1'),
('we-12', '2024-07-17 05:00:00+00', 'user-3', 'event-2', 'wh-4'),
('we-13', '2024-10-01 13:00:00+00', 'user-3', 'event-2', 'wh-1'),
('we-14', '2024-11-22 17:00:00+00', 'user-3', 'event-3', 'wh-6'),
('we-15', '2024-01-02 18:00:00+00', 'user-2', 'event-1', 'wh-3');
